temperature_C,n,epcsaft_median_abs_log10_error,legacy_median_abs_log10_error,median_abs_epcsaft_minus_legacy_log10,max_abs_epcsaft_minus_legacy_log10,expected_legacy_median_abs_log10_error,epcsaft_delta_vs_expected,legacy_delta_vs_expected
40,5,0.3915572927666956,0.391557292494692,3.8968704344527236e-10,4.305584567901678e-07,0.3915572920799514,6.86744161537689e-10,4.1474063072755025e-10
60,7,0.3060402643585332,0.3060402644269827,2.3713593501319116e-10,5.807877208458738e-10,0.3060402645017894,-1.4325612918142383e-10,-7.480666086578934e-11
80,6,0.1541655653449682,0.1541655657305344,9.726624370552498e-10,1.386872186804793e-09,0.1541655657995109,-4.5454270902745004e-10,-6.897646342984842e-11
100,7,0.0550353221861522,0.0550353222347901,2.534435803581166e-10,4.509304949262679e-09,0.0550353222135954,-2.7443214367650622e-11,2.1194740407182167e-11
120,6,0.0784225154364816,0.0784225149794194,4.5706226546896615e-10,1.3160791192707775e-09,0.078422514980188,4.5629365563737423e-10,-7.685935221601882e-13
