split,species,count,median_abs_log10,rmse_log10
train,CO3^2-,58,0.9059489757952202,5.735072372970607
train,HCO3-,58,0.561139048127353,3.9911078864948024
train,MEACOO-,58,0.05405095645246355,0.07418436111834481
train,MEAH+,58,0.09243502580735119,0.09672108534012318
validation,CO3^2-,16,0.6876770259982796,0.8235863562791562
validation,HCO3-,16,0.33075363492381826,0.49376409408865934
validation,MEACOO-,16,0.08668263259656689,0.235239308906577
validation,MEAH+,16,0.11580999529920491,0.16319290864916325
