split,source,row_count,success_count,median_abs_log10,max_abs_log10,rmse_log10
train,Aronu,36,36,0.3026152335990184,0.9774957143734262,0.3826611186864263
train,Hilliard,30,30,0.3838341829260242,0.6547143750706739,0.4070907087061912
train,Idris,10,10,0.4398959049574181,0.5100462325148644,0.41583889767969895
train,Mamun,19,19,0.1420564828842125,0.377720150424488,0.1822444273982638
validation,Jou,48,48,0.3930682186367206,0.7101781789290713,0.41346635420024924
validation,Xu,18,18,0.30759769620513777,0.5549442030100527,0.31954066377596685
