{
  "case": {
    "MEA_weight_fraction": 0.3,
    "temperature_C": 40.0,
    "CO2_loading": 0.3
  },
  "species": [
    "CO2",
    "MEA",
    "H2O",
    "MEAH+",
    "MEACOO-",
    "HCO3-"
  ],
  "mole_fractions": [
    1.7233008946190595e-09,
    0.045199445090100474,
    0.887456770415666,
    0.03367189138546631,
    0.0333683072203239,
    0.00030358416514241653
  ],
  "apparent_ternary_x": [
    1.8477343127985646e-09,
    0.048463135992797605,
    0.9515368621594681
  ],
  "initial_concentrations_mol_m3": [
    1441.6729487310702,
    4805.576495770233,
    38009.745517451025
  ],
  "true_concentrations_mol_m3": [
    7.37836828559388e-05,
    1935.2287996865457,
    37996.747463639935,
    1441.672874947387,
    1428.6748211363001,
    12.998053811087061
  ],
  "residuals": {
    "carbamate_K_residual": 3.408349584788084e-07,
    "bicarbonate_K_residual": 1.4358353173093974e-08,
    "co2_balance_legacy": 2.2737367544323206e-13,
    "co2_balance_expanded": 2.2737367544323206e-13,
    "mea_balance": 0.0,
    "water_balance": 7.275957614183426e-12,
    "electroneutrality": -2.2737367544323206e-13
  }
}