attempt_id,anchor_scale,loss,seed_HCO3_d_born,seed_CO3_d_born,fitted_HCO3_d_born,fitted_CO3_d_born,delta_HCO3_from_seed,delta_CO3_from_seed,initial_data_residual_norm,final_data_residual_norm,data_residual_norm_improvement,overall_rmse_log10,overall_median_abs_log10,optimizer_success,optimizer_status,optimizer_message,nfev,at_lower_bound_HCO3,at_upper_bound_HCO3,at_lower_bound_CO3,at_upper_bound_CO3
4,0.0,linear,6.5,7.5,5.942335907752783,2.9907628089976206,-0.5576640922472169,-4.509237191002379,1.0613798508881718,0.6980970832726601,0.3632827676155117,0.6980970832726601,0.515572610632354,False,0,The maximum number of function evaluations is exceeded.,10,False,False,False,False
3,0.0,linear,4.5,4.5,6.446592308674002,3.082220588362023,1.9465923086740018,-1.417779411637977,0.8375689949211945,0.6999075295368318,0.13766146538436275,0.6999075295368317,0.5146665124115619,False,0,The maximum number of function evaluations is exceeded.,10,False,False,False,False
1,0.0,linear,3.0,3.0,3.0000021954558087,3.000001969143618,2.1954558087067255e-06,1.9691436179414268e-06,0.7021078821835874,0.7021068281674419,1.0540161455852015e-06,0.702106828167442,0.5389695240377844,False,0,The maximum number of function evaluations is exceeded.,10,False,False,False,False
2,0.0,linear,1.05,1.05,1.05,1.05,0.0,0.0,1.913497055009156,1.913497055009156,0.0,1.913497055009156,1.746598916323336,True,1,`gtol` termination condition is satisfied.,1,False,False,False,False
