{
  "fit_tier": "tier_a_trace_carbonate_born",
  "target_species": [
    "HCO3-",
    "CO3^2-"
  ],
  "fit_parameters": [
    "HCO3-__d_born",
    "CO3^2-__d_born"
  ],
  "target_row_count": 35,
  "optimizer": {
    "success": true,
    "status": 3,
    "message": "`xtol` termination condition is satisfied.",
    "nfev": 10,
    "cost": 0.24503163088545965,
    "initial_residual_norm": 0.7021078821835874,
    "final_residual_norm": 0.7021072238320503
  },
  "initial_values": {
    "HCO3-__d_born": 3.0,
    "CO3^2-__d_born": 3.0
  },
  "fitted_values": {
    "HCO3-__d_born": 3.000002236326284,
    "CO3^2-__d_born": 3.0000019502900033
  },
  "parameters_at_bounds": {
    "HCO3-__d_born": false,
    "CO3^2-__d_born": false
  },
  "initial_metrics": {
    "row_count": 35,
    "residual_count": 51,
    "overall_rmse_log10": 0.7021078821835874,
    "overall_median_abs_log10": 0.5389685796045186,
    "by_species": {
      "CO3^2-": {
        "count": 16,
        "rmse_log10": 0.8235874838372554,
        "median_abs_log10": 0.6876770219837212
      },
      "HCO3-": {
        "count": 35,
        "rmse_log10": 0.638927402379652,
        "median_abs_log10": 0.48121068327862626
      }
    }
  },
  "final_metrics": {
    "row_count": 35,
    "residual_count": 51,
    "overall_rmse_log10": 0.7021072238320504,
    "overall_median_abs_log10": 0.5389691144120711,
    "by_species": {
      "CO3^2-": {
        "count": 16,
        "rmse_log10": 0.8235859619673869,
        "median_abs_log10": 0.6876778085210433
      },
      "HCO3-": {
        "count": 35,
        "rmse_log10": 0.6389272449888989,
        "median_abs_log10": 0.4812078581829099
      }
    }
  },
  "multistart_diagnostic": {
    "attempt_count": 60,
    "anchor_scales": [
      0.0,
      0.0003,
      0.003
    ],
    "losses": [
      "linear",
      "soft_l1"
    ],
    "best_attempt": {
      "attempt_id": 56,
      "anchor_scale": 0.0,
      "loss": "soft_l1",
      "seed_HCO3_d_born": 6.5,
      "seed_CO3_d_born": 7.5,
      "fitted_HCO3_d_born": 6.802941254347416,
      "fitted_CO3_d_born": 2.997441532791632,
      "delta_HCO3_from_seed": 0.3029412543474157,
      "delta_CO3_from_seed": -4.5025584672083685,
      "initial_data_residual_norm": 1.0613798508881718,
      "final_data_residual_norm": 0.6828705300916089,
      "data_residual_norm_improvement": 0.37850932079656285,
      "overall_rmse_log10": 0.682870530091609,
      "overall_median_abs_log10": 0.5007665777722247,
      "optimizer_success": true,
      "optimizer_status": 3,
      "optimizer_message": "`xtol` termination condition is satisfied.",
      "nfev": 15,
      "at_lower_bound_HCO3": false,
      "at_upper_bound_HCO3": false,
      "at_lower_bound_CO3": false,
      "at_upper_bound_CO3": false
    },
    "best_substantial_attempt": {
      "attempt_id": 56,
      "anchor_scale": 0.0,
      "loss": "soft_l1",
      "seed_HCO3_d_born": 6.5,
      "seed_CO3_d_born": 7.5,
      "fitted_HCO3_d_born": 6.802941254347416,
      "fitted_CO3_d_born": 2.997441532791632,
      "delta_HCO3_from_seed": 0.3029412543474157,
      "delta_CO3_from_seed": -4.5025584672083685,
      "initial_data_residual_norm": 1.0613798508881718,
      "final_data_residual_norm": 0.6828705300916089,
      "data_residual_norm_improvement": 0.37850932079656285,
      "overall_rmse_log10": 0.682870530091609,
      "overall_median_abs_log10": 0.5007665777722247,
      "optimizer_success": true,
      "optimizer_status": 3,
      "optimizer_message": "`xtol` termination condition is satisfied.",
      "nfev": 15,
      "at_lower_bound_HCO3": false,
      "at_upper_bound_HCO3": false,
      "at_lower_bound_CO3": false,
      "at_upper_bound_CO3": false
    },
    "substantial_threshold_angstrom": 0.25,
    "interpretation": "A substantial Born diameter is considered identified only if it gives a meaningful data-residual improvement without simply landing on an optimizer bound or depending on the starting seed."
  },
  "claim_boundary": "This fit estimates only bicarbonate/carbonate Born radii against Tier A rows that report those species. It does not identify OH- Born parameters because the local target data do not directly report hydroxide."
}
