species,association_scheme,m,sigma_A,epsilon_K,kappa_AB,epsilon_AB_K,AAD_percent_psat,AAD_percent_rhoL,reference
MEA,4C,4.5208,2.6574,237.6864,0.187533,989.8984,0.24,0.23,Baygi 2015 Table 2
MEA,3B,4.5354,2.6019,204.0438,0.118488,2383.4744,1.75,0.43,Baygi 2015 Table 2
MEA,2B,3.0353,3.0435,277.174,0.03747,2586.3,0.62,0.12,Baygi 2015 Table 2
H2O,2B,1.9599,2.362,279.42,0.175,2059.28,1.18,3.92,Diamantonis and Economou 2011
H2O,4C,2.1945,2.229,141.66,0.2039,1804.17,1.98,0.83,Diamantonis and Economou 2011
CO2,nonassociating,2.0729,2.7852,169.21,,,2.78,2.73,Gross and Sadowski 2001
