model_id,observation_id,source_key,mea_mass_fraction,temperature_k,temperature_c,loading_mol_co2_per_mol_mea,state_pressure_pa,observed_pco2_pa,predicted_pco2_pa,log10_pressure_residual,carbamate_target_mole_fraction,predicted_carbamate_mole_fraction,log10_carbamate_residual,carbamate_interpolation_lower_row,carbamate_interpolation_upper_row,ln_k4,a,b_k,c,d_per_k,split,role,group_id,measurement_origin,certification,reaction_affinity_inf_norm,kkt_stationarity_inf_norm,pressure_relative_residual,packing_fraction,minimum_amount_mol,model_fingerprint,dlog10_pco2_dlnk_R1,dlog10_pco2_dlnk_R2,dlog10_pco2_dlnk_R3,dlog10_pco2_dlnk_R4,dlog10_pco2_dlnk_R5,dlog10_meacoo_dlnk_R1,dlog10_meacoo_dlnk_R2,dlog10_meacoo_dlnk_R3,dlog10_meacoo_dlnk_R4,dlog10_meacoo_dlnk_R5
M5_literature_R4,vle_obs_0119,Hilliard2008,0.3,313.15,40.0,0.153,6612.28,5.7,5017.540400529172,2.944616022379159,0.017795,0.015696731567105143,-0.054488760958870876,cheq_canon_00166,cheq_canon_00170,-2.7836958326680508,2.151,-1545.3,0.0,0.0,training,active_training,vle|Hilliard2008|w=0.3|T=40,calibration_derived_partial_pressure,LOCAL_EQUILIBRIUM,9.947598300641403e-14,8.526512829121202e-14,2.838511523514811e-10,0.47592467749475714,9.634557516306292e-11,sha256:f8addf9b50d6ea512435da5d916a903a56e0027567b9373b93c35185109753d9,5.924682966451655e-05,0.394179686624696,-0.002238057073000732,0.4364656450484005,-0.43428683556001596,4.949473377515539e-07,-0.0372019796626834,-0.01032873989713059,0.010325729137201594,2.515806981005265e-06
M5_literature_R4,vle_obs_0120,Hilliard2008,0.3,313.15,40.0,0.163,6703.0,6.64,6070.927715107432,2.961086982508908,0.0190075,0.016713071844002027,-0.05586871908645439,cheq_canon_00166,cheq_canon_00170,-2.7836958326680508,2.151,-1545.3,0.0,0.0,training,active_training,vle|Hilliard2008|w=0.3|T=40,calibration_derived_partial_pressure,LOCAL_EQUILIBRIUM,1.7053025658242404e-13,3.410605131648481e-13,1.0629541240771475e-12,0.4760023550490043,9.988623134954895e-11,sha256:f8addf9b50d6ea512435da5d916a903a56e0027567b9373b93c35185109753d9,5.248783629951958e-05,0.3924425530321684,-0.002002629662101185,0.43623570533668493,-0.43428555582813994,3.71726792312105e-07,-0.037400894790478735,-0.009813723012279897,0.009810509880446064,2.841399901053121e-06
M5_literature_R4,vle_obs_0121,Hilliard2008,0.3,313.15,40.0,0.17,6663.57,7.21,7020.344309428651,2.988423147697843,0.019856250000000002,0.017421727101743313,-0.056806025611147185,cheq_canon_00166,cheq_canon_00170,-2.7836958326680508,2.151,-1545.3,0.0,0.0,training,active_training,vle|Hilliard2008|w=0.3|T=40,calibration_derived_partial_pressure,LOCAL_EQUILIBRIUM,1.1368683772161603e-13,2.2737367544323206e-13,1.1938597998222934e-10,0.47605641743415067,1.022744982293543e-10,sha256:f8addf9b50d6ea512435da5d916a903a56e0027567b9373b93c35185109753d9,4.840039480313862e-05,0.39111885912213035,-0.0018568282023068148,0.4360928304247835,-0.43428439528980783,3.0046922851152123e-07,-0.0375861308394762,-0.009481074060462545,0.009477635811143477,3.1377752575451015e-06
M5_literature_R4,vle_obs_0122,Hilliard2008,0.3,313.15,40.0,0.191,6626.18,9.950000000000001,10572.115030293904,3.0263387990970454,0.022402500000000002,0.019532133690162812,-0.05954679778998397,cheq_canon_00166,cheq_canon_00170,-2.7836958326680508,2.151,-1545.3,0.0,0.0,training,active_training,vle|Hilliard2008|w=0.3|T=40,calibration_derived_partial_pressure,LOCAL_EQUILIBRIUM,5.684341886080802e-14,4.760636329592671e-13,6.128737942113487e-11,0.47621678728898986,1.0908467232546662e-10,sha256:f8addf9b50d6ea512435da5d916a903a56e0027567b9373b93c35185109753d9,3.85609766340167e-05,0.3865732237429142,-0.0014958596139535982,0.4357374820074255,-0.43428018132729557,1.3960073936328765e-07,-0.03835626205494584,-0.008598946973528605,0.008594655731313348,4.1516374942079416e-06
M5_literature_R4,vle_obs_0123,Hilliard2008,0.3,313.15,40.0,0.194,6726.3,9.85,11016.592551656784,3.048611056863257,0.022766250000000002,0.01983152389168939,-0.059935413106237206,cheq_canon_00166,cheq_canon_00170,-2.7836958326680508,2.151,-1545.3,0.0,0.0,training,active_training,vle|Hilliard2008|w=0.3|T=40,calibration_derived_partial_pressure,LOCAL_EQUILIBRIUM,5.371198213442017e-14,1.7763568394002505e-13,8.518066980317329e-11,0.4762394477226897,1.1002301247124974e-10,sha256:f8addf9b50d6ea512435da5d916a903a56e0027567b9373b93c35185109753d9,3.739355491916285e-05,0.385848359929497,-0.0014521694069458133,0.4356944697470055,-0.43427969034226516,1.215643118652366e-07,-0.03849163456604155,-0.008485299557960789,0.008480927067118837,4.250922664470878e-06
M5_literature_R4,vle_obs_0124,Hilliard2008,0.3,313.15,40.0,0.232,6650.23,14.6,22171.617088802876,3.181444513790688,0.026712903225806453,0.023568677965872708,-0.05438586841210085,cheq_canon_00170,cheq_canon_00174,-2.7836958326680508,2.151,-1545.3,0.0,0.0,training,active_training,vle|Hilliard2008|w=0.3|T=40,calibration_derived_partial_pressure,LOCAL_EQUILIBRIUM,5.684341886080802e-14,2.7000623958883807e-13,3.1070957063213355e-11,0.4765189553410364,1.2153813348857987e-10,sha256:f8addf9b50d6ea512435da5d916a903a56e0027567b9373b93c35185109753d9,2.6136159902989672e-05,0.3747145822075026,-0.0010186930410327477,0.4352594212164717,-0.4342668703749552,-4.154883079077582e-08,-0.04074353073656961,-0.007254167012872303,0.007247252063182034,6.956496130119331e-06
M5_literature_R4,vle_obs_0125,Hilliard2008,0.3,313.15,40.0,0.246,6674.63,19.099999999999998,28237.624555993738,3.16979479235529,0.02837272727272727,0.02491504853564924,-0.05643934597377832,cheq_canon_00174,cheq_canon_00178,-2.7836958326680508,2.151,-1545.3,0.0,0.0,training,active_training,vle|Hilliard2008|w=0.3|T=40,calibration_derived_partial_pressure,LOCAL_EQUILIBRIUM,1.5631940186722204e-13,1.7763568394002505e-13,3.17167580470339e-11,0.4766175744335876,1.2576473849913414e-10,sha256:f8addf9b50d6ea512435da5d916a903a56e0027567b9373b93c35185109753d9,2.3187851638795106e-05,0.36952968631709376,-0.0008983167099074761,0.43513512943960103,-0.43425999907142904,-8.14733633950814e-08,-0.04182619807896978,-0.006879508239637975,0.006871334849343583,8.254861865385698e-06
M5_literature_R4,vle_obs_0127,Hilliard2008,0.3,313.15,40.0,0.272,6677.51,22.4,44248.685788042676,3.2956523580900337,0.03168181818181818,0.027360159685379297,-0.06369146949538938,cheq_canon_00174,cheq_canon_00178,-2.7836958326680508,2.151,-1545.3,0.0,0.0,training,active_training,vle|Hilliard2008|w=0.3|T=40,calibration_derived_partial_pressure,LOCAL_EQUILIBRIUM,2.842170943040401e-14,3.979039320256561e-13,4.551893285558728e-13,0.47679222011884725,1.3392477622733105e-10,sha256:f8addf9b50d6ea512435da5d916a903a56e0027567b9373b93c35185109753d9,1.8822277070285054e-05,0.35788998902219754,-0.0007026221382488983,0.4349256130353751,-0.43424181521700683,-1.3983779083307095e-07,-0.04421612674232697,-0.006267954560692688,0.00625669650894638,1.13978890600554e-05
M5_literature_R4,vle_obs_0128,Hilliard2008,0.3,313.15,40.0,0.326,6653.08,48.5,112270.74988964952,3.3645248848349207,0.03773809523809524,0.03212464747391848,-0.06994160560552949,cheq_canon_00178,cheq_canon_00182,-2.7836958326680508,2.151,-1545.3,0.0,0.0,training,active_training,vle|Hilliard2008|w=0.3|T=40,calibration_derived_partial_pressure,LOCAL_EQUILIBRIUM,4.6412457148092353e-14,1.4210854715202004e-13,1.0097320339671901e-10,0.4771031005011757,1.541118852185755e-10,sha256:f8addf9b50d6ea512435da5d916a903a56e0027567b9373b93c35185109753d9,1.2736034449289944e-05,0.3217909287478449,-0.00028893269998775395,0.4344389339827614,-0.4341627367843159,-2.2728732584082253e-07,-0.050898703373897285,-0.005251249616913552,0.0052291508959925485,2.2326012335267e-05
M5_literature_R4,vle_obs_0129,Hilliard2008,0.3,313.15,40.0,0.348,6670.43,66.19999999999999,164129.65825364547,3.3943290757820983,0.04023636363636363,0.0338952984453692,-0.07447926224283014,cheq_canon_00182,cheq_canon_00186,-2.7836958326680508,2.151,-1545.3,0.0,0.0,training,active_training,vle|Hilliard2008|w=0.3|T=40,calibration_derived_partial_pressure,LOCAL_EQUILIBRIUM,5.684341886080802e-14,1.1368683772161603e-13,6.074160341720479e-11,0.4771999573052464,1.6459649858108113e-10,sha256:f8addf9b50d6ea512435da5d916a903a56e0027567b9373b93c35185109753d9,1.0976819453389906e-05,0.3003589575278909,-6.551532649723413e-05,0.43415493422571666,-0.43410038861324546,-2.5718689081475753e-07,-0.05433410359149073,-0.00490534892148284,0.004876434747734328,2.9171367987387275e-05
M5_literature_R4,vle_obs_0130,Hilliard2008,0.3,313.15,40.0,0.35,6826.33,72.1,166098.35732804405,3.362430072687452,0.04049090909090909,0.034050004691724714,-0.07524035144987398,cheq_canon_00182,cheq_canon_00186,-2.7836958326680508,2.151,-1545.3,0.0,0.0,training,active_training,vle|Hilliard2008|w=0.3|T=40,calibration_derived_partial_pressure,LOCAL_EQUILIBRIUM,1.4210854715202004e-13,2.2737367544323206e-13,8.296306446465154e-12,0.4772076462203002,1.6564207079113787e-10,sha256:f8addf9b50d6ea512435da5d916a903a56e0027567b9373b93c35185109753d9,1.0833911545660156e-05,0.2981605814689203,-4.2424641577554205e-05,0.43412945442966583,-0.43409786094628083,-2.5981015042166656e-07,-0.05466636080259141,-0.0048753674186318065,0.0048464190390596915,2.9208197430884086e-05
M5_literature_R4,vle_obs_0131,Hilliard2008,0.3,313.15,40.0,0.36,6850.15,96.60000000000001,197336.64166557955,3.31023060655936,0.04146415094339623,0.034805553876257216,-0.07602422753869308,cheq_canon_00186,cheq_canon_00190,-2.7836958326680508,2.151,-1545.3,0.0,0.0,training,active_training,vle|Hilliard2008|w=0.3|T=40,calibration_derived_partial_pressure,LOCAL_EQUILIBRIUM,5.684341886080802e-14,5.542233338928781e-13,2.5462638614630656e-12,0.4772427291375004,1.711352881025538e-10,sha256:f8addf9b50d6ea512435da5d916a903a56e0027567b9373b93c35185109753d9,1.0135625672091919e-05,0.28644703409241856,8.137339690961198e-05,0.43396797178019136,-0.43405947884878054,-2.72831396127586e-07,-0.05637835023080578,-0.004728767789012028,0.004696191144841191,3.284948527613671e-05
M5_literature_R4,vle_obs_0132,Hilliard2008,0.3,313.15,40.0,0.382,6854.32,131.0,291745.5028890954,3.3477328746811703,0.04316603773584906,0.036350669204536126,-0.07462977556127416,cheq_canon_00186,cheq_canon_00190,-2.7836958326680508,2.151,-1545.3,0.0,0.0,training,active_training,vle|Hilliard2008|w=0.3|T=40,calibration_derived_partial_pressure,LOCAL_EQUILIBRIUM,4.2969585707536134e-14,2.984279490192421e-13,1.9687106657122715e-12,0.4772982207913183,1.8502198257008442e-10,sha256:f8addf9b50d6ea512435da5d916a903a56e0027567b9373b93c35185109753d9,8.749445612465934e-06,0.25605293325625667,0.0004103032580360377,0.43352199181612144,-0.4339410387466102,-3.005243079497476e-07,-0.060400807281636826,-0.004423632920438848,0.004381398576744192,4.253488357087477e-05
M5_literature_R4,vle_obs_0133,Hilliard2008,0.3,313.15,40.0,0.386,6783.62,120.0,316774.161198116,3.4215685035531282,0.04347547169811321,0.03661204234759225,-0.07462034666772874,cheq_canon_00186,cheq_canon_00190,-2.7836958326680508,2.151,-1545.3,0.0,0.0,training,active_training,vle|Hilliard2008|w=0.3|T=40,calibration_derived_partial_pressure,LOCAL_EQUILIBRIUM,1.5631940186722204e-13,2.7711166694643907e-13,6.479037956603813e-12,0.477304638893641,1.878530286095221e-10,sha256:f8addf9b50d6ea512435da5d916a903a56e0027567b9373b93c35185109753d9,8.51363424203555e-06,0.2497699077785853,0.00047956838500340376,0.43342125080059185,-0.4339093375271829,-3.0540494168207905e-07,-0.06116354837903288,-0.004370498975666988,0.004325825187887848,4.49792096238114e-05
M5_literature_R4,vle_obs_0135,Hilliard2008,0.3,313.15,40.0,0.4,6841.5,128.0,404789.467624559,3.5000192342529375,0.04455849056603774,0.03747313982930983,-0.0752103869115541,cheq_canon_00186,cheq_canon_00190,-2.7836958326680508,2.151,-1545.3,0.0,0.0,training,active_training,vle|Hilliard2008|w=0.3|T=40,calibration_derived_partial_pressure,LOCAL_EQUILIBRIUM,1.1368683772161603e-13,1.7053025658242404e-13,5.4469181047464586e-11,0.47731695583366834,1.986246462928344e-10,sha256:f8addf9b50d6ea512435da5d916a903a56e0027567b9373b93c35185109753d9,7.741096652580381e-06,0.22578275853391003,0.000747361639241717,0.4330406174091194,-0.43379571792456767,-3.219230846290144e-07,-0.06388072002640174,-0.00418978725200091,0.004138106797805167,5.200239968673055e-05
M5_literature_R4,vle_obs_0136,Hilliard2008,0.3,313.15,40.0,0.464,7422.66,750.0,1220666.7185422054,3.211535840310836,0.04986666666666667,0.04004936583112174,-0.09521469524807359,cheq_canon_00190,cheq_canon_00194,-2.7836958326680508,2.151,-1545.3,0.0,0.0,training,active_training,vle|Hilliard2008|w=0.3|T=40,calibration_derived_partial_pressure,LOCAL_EQUILIBRIUM,1.2789769243681803e-13,1.9895196601282805e-13,3.327410675060644e-12,0.47710978512763863,2.703173407544e-10,sha256:f8addf9b50d6ea512435da5d916a903a56e0027567b9373b93c35185109753d9,4.756639526704021e-06,0.07512422639521787,0.0024465238723792027,0.43025362401749584,-0.43270490790447974,-3.749498901242063e-07,-0.07530132052715992,-0.0034714952384233377,0.0033994722926979095,7.239797010033831e-05
M5_literature_R4,vle_obs_0137,Hilliard2008,0.3,313.15,40.0,0.466,7326.7,574.0,1283374.1414888771,3.349441392111641,0.0502,0.04008661857702504,-0.09770429335333518,cheq_canon_00190,cheq_canon_00194,-2.7836958326680508,2.151,-1545.3,0.0,0.0,training,active_training,vle|Hilliard2008|w=0.3|T=40,calibration_derived_partial_pressure,LOCAL_EQUILIBRIUM,4.2969585707536134e-14,2.2737367544323206e-13,1.7183909750150336e-11,0.47709476295979153,2.7328267071625157e-10,sha256:f8addf9b50d6ea512435da5d916a903a56e0027567b9373b93c35185109753d9,4.6776804651926795e-06,0.0695119998894711,0.0025073608966863503,0.4301096543812832,-0.43262169810986956,-3.756448362078045e-07,-0.07556785050471772,-0.0034523022304957605,0.00337962256659275,7.305538588232998e-05
M5_literature_R4,vle_obs_0139,Hilliard2008,0.3,313.15,40.0,0.491,7781.93,1100.0,1913510.6767953343,3.240438204637392,0.05056666666666667,0.040304289300209975,-0.09851305857892238,cheq_canon_00198,cheq_canon_00202,-2.7836958326680508,2.151,-1545.3,0.0,0.0,training,active_training,vle|Hilliard2008|w=0.3|T=40,calibration_derived_partial_pressure,LOCAL_EQUILIBRIUM,1.5631940186722204e-13,4.831690603168681e-13,2.5378893730731497e-12,0.476857408593316,3.147523282153062e-10,sha256:f8addf9b50d6ea512435da5d916a903a56e0027567b9373b93c35185109753d9,3.732392173105836e-06,-0.002395449261172189,0.0032538055805275685,0.42852888659794525,-0.4317864196856646,-3.774391966197987e-07,-0.07808316467053938,-0.0032307287194027127,0.0031809406347040243,5.016564153460731e-05
M5_literature_R4,vle_obs_0140,Hilliard2008,0.3,313.15,40.0,0.501,8671.99,1870.0,2057274.7104292598,3.0414506809082043,0.04923333333333334,0.040260884517145025,-0.08737592864135321,cheq_canon_00198,cheq_canon_00202,-2.7836958326680508,2.151,-1545.3,0.0,0.0,training,active_training,vle|Hilliard2008|w=0.3|T=40,calibration_derived_partial_pressure,LOCAL_EQUILIBRIUM,5.684341886080802e-14,3.055333763768431e-13,8.407591828672377e-12,0.476736160416602,3.337071852143703e-10,sha256:f8addf9b50d6ea512435da5d916a903a56e0027567b9373b93c35185109753d9,3.3955060985135783e-06,-0.031236948849766574,0.003530661363271292,0.42806670128570085,-0.43160076348414117,-3.745806958890699e-07,-0.07863022779439408,-0.0031515525720209217,0.003123958804863756,2.796848583677167e-05
M5_literature_R4,vle_obs_0141,Hilliard2008,0.3,313.15,40.0,0.518,9831.72,3030.0,2449474.652150901,2.907630321112477,0.04742258064516129,0.0400180781992135,-0.07372895521122422,cheq_canon_00202,cheq_canon_00206,-2.7836958326680508,2.151,-1545.3,0.0,0.0,training,active_training,vle|Hilliard2008|w=0.3|T=40,calibration_derived_partial_pressure,LOCAL_EQUILIBRIUM,1.4210854715202004e-13,5.684341886080801e-13,1.3483143413584947e-11,0.4764952582073959,3.6899482977590777e-10,sha256:f8addf9b50d6ea512435da5d916a903a56e0027567b9373b93c35185109753d9,2.862154957483653e-06,-0.07867413369666565,0.003944624182850021,0.4271606458772225,-0.43110813541247234,-3.6545966943419487e-07,-0.07895400953564445,-0.0030287069380402778,0.0030486540624801227,-1.9581486313779097e-05
M5_literature_R4,vle_obs_0142,Hilliard2008,0.3,313.15,40.0,0.591,35021.46,28300.0,2193294.0385089032,1.8893104226656159,0.04101741935483871,0.03689528756047625,-0.04599743332325594,cheq_canon_00202,cheq_canon_00206,-2.7836958326680508,2.151,-1545.3,0.0,0.0,training,active_training,vle|Hilliard2008|w=0.3|T=40,calibration_derived_partial_pressure,LOCAL_EQUILIBRIUM,8.526512829121202e-14,2.2737367544323206e-13,4.405614351409909e-11,0.47502300672811787,5.635942512737264e-10,sha256:f8addf9b50d6ea512435da5d916a903a56e0027567b9373b93c35185109753d9,1.342481681376739e-06,-0.23607979962037004,0.004692422628238546,0.4269156007374874,-0.4316093703771173,-2.9103209147548893e-07,-0.07424489026098657,-0.0026107318405172893,0.002829825433189353,-0.00021880211172464406
M5_literature_R4,vle_obs_0186,Jou1995,0.3,313.15,40.0,0.0888,200000.0,1.47,35.63695455270264,1.384583248454244,,0.00908894922906657,,,,-2.7836958326680508,2.151,-1545.3,0.0,0.0,training,active_training,vle|Jou1995|w=0.3|T=40,calibration_derived_partial_pressure,LOCAL_EQUILIBRIUM,8.526512829121202e-14,3.552713678800501e-13,1.6338890418410302e-12,0.47543513540220583,6.826458795960195e-11,sha256:f8addf9b50d6ea512435da5d916a903a56e0027567b9373b93c35185109753d9,0.00016163683724812472,0.40132671883519316,-0.005018145388113737,0.43915091227919584,-0.43429440348408116,2.966603620065663e-06,-0.038296957564975705,-0.01543644855088121,0.015433450250034396,3.16868052123589e-08
M5_literature_R4,vle_obs_0187,Jou1995,0.3,313.15,40.0,0.203,200000.0,8.959999999999999,438.7975853624672,1.6899562193894964,0.023857500000000004,0.020726563170719914,-0.06109763811065846,cheq_canon_00166,cheq_canon_00170,-2.7836958326680508,2.151,-1545.3,0.0,0.0,training,active_training,vle|Jou1995|w=0.3|T=40,calibration_derived_partial_pressure,LOCAL_EQUILIBRIUM,4.6412457148092353e-14,5.826450433232822e-13,2.606248017400503e-13,0.4763228747612394,1.1279643528648062e-10,sha256:f8addf9b50d6ea512435da5d916a903a56e0027567b9373b93c35185109753d9,3.418669791699358e-05,0.38356693505825484,-0.0013311422630835066,0.43559086391198315,-0.4342939101231735,7.33361541211753e-08,-0.038928332357844354,-0.008160392033186643,0.008160158286326697,1.6040718435092664e-07
M5_literature_R4,vle_obs_0188,Jou1995,0.3,313.15,40.0,0.365,300000.0,67.7,4944.1387822596735,1.8635019842377731,0.041850943396226414,0.03517478974902252,-0.07547374202810657,cheq_canon_00186,cheq_canon_00190,-2.7836958326680508,2.151,-1545.3,0.0,0.0,training,active_training,vle|Jou1995|w=0.3|T=40,calibration_derived_partial_pressure,LOCAL_EQUILIBRIUM,5.684341886080802e-14,2.8421709430404007e-13,4.3403512487808865e-13,0.47728189983828856,1.740664852688078e-10,sha256:f8addf9b50d6ea512435da5d916a903a56e0027567b9373b93c35185109753d9,9.803180489598162e-06,0.2802695722170512,0.0001485844336457376,0.43413021169058646,-0.4342885958852349,-2.7858972417463385e-07,-0.05723828573229653,-0.004657159218743425,0.004656640935742973,7.968835636629349e-07
M5_literature_R4,vle_obs_0189,Jou1995,0.3,313.15,40.0,0.4735,210000.0,604.0,51806.49844269848,1.933347301062156,0.05052142857142857,0.04020737757256764,-0.09916987416833163,cheq_canon_00194,cheq_canon_00198,-2.7836958326680508,2.151,-1545.3,0.0,0.0,training,active_training,vle|Jou1995|w=0.3|T=40,calibration_derived_partial_pressure,LOCAL_EQUILIBRIUM,2.842170943040401e-14,2.8421709430404007e-13,1.9042220498834337e-13,0.4770511689402958,2.851935781195123e-10,sha256:f8addf9b50d6ea512435da5d916a903a56e0027567b9373b93c35185109753d9,4.391598196207269e-06,0.047963253191340975,0.0027491895870923595,0.43147312460689585,-0.4342267059698201,-3.769332873687223e-07,-0.07647909906685744,-0.003380467005802733,0.003378376619005368,2.4674081535637857e-06
M5_literature_R4,vle_obs_0190,Jou1995,0.3,313.15,40.0,0.513,220000.0,2570.0,101284.16662993847,1.5956084357239892,0.04786129032258065,0.04011125870441725,-0.07671811235453715,cheq_canon_00202,cheq_canon_00206,-2.7836958326680508,2.151,-1545.3,0.0,0.0,training,active_training,vle|Jou1995|w=0.3|T=40,calibration_derived_partial_pressure,LOCAL_EQUILIBRIUM,5.684341886080802e-14,2.8421709430404007e-13,3.467324528504502e-13,0.476588174220546,3.5896509110933383e-10,sha256:f8addf9b50d6ea512435da5d916a903a56e0027567b9373b93c35185109753d9,3.0213165302939156e-06,-0.0661632683751634,0.0038584579975520224,0.4303005974648499,-0.434162076334843,-3.6851873835092643e-07,-0.07891049831536637,-0.0030617525565664397,0.0030623350011383327,-2.137591737147268e-07
M5_literature_R4,vle_obs_0191,Jou1995,0.3,313.15,40.0,0.557,230000.0,8090.0,202220.4667302672,1.3978765868049035,0.04400064516129032,0.03870940236847186,-0.0556425780626452,cheq_canon_00202,cheq_canon_00206,-2.7836958326680508,2.151,-1545.3,0.0,0.0,training,active_training,vle|Jou1995|w=0.3|T=40,calibration_derived_partial_pressure,LOCAL_EQUILIBRIUM,5.684341886080802e-14,3.410605131648481e-13,6.724250219438387e-13,0.47580413113524134,4.657767278409306e-10,sha256:f8addf9b50d6ea512435da5d916a903a56e0027567b9373b93c35185109753d9,1.9189982936040906e-06,-0.17547669077799807,0.004585552204616761,0.4294509131419488,-0.4340383768841604,-3.2978642768396153e-07,-0.07718653632284804,-0.002789635739779667,0.002801692626741254,-1.1726796351836492e-05
M5_literature_R4,vle_obs_0192,Jou1995,0.3,313.15,40.0,0.609,210000.0,36100.0,472778.2128368789,1.1171502527214805,0.03943806451612904,0.03571383924233215,-0.04307905370503699,cheq_canon_00202,cheq_canon_00206,-2.7836958326680508,2.151,-1545.3,0.0,0.0,training,active_training,vle|Jou1995|w=0.3|T=40,calibration_derived_partial_pressure,LOCAL_EQUILIBRIUM,8.593917141507227e-14,1.5631940186722204e-13,1.543611731557619e-12,0.474583083041051,6.224116332114993e-10,sha256:f8addf9b50d6ea512435da5d916a903a56e0027567b9373b93c35185109753d9,1.120081805083828e-06,-0.2630311067619573,0.0046598916725315576,0.42906294623890057,-0.4337239532858916,-2.708974943366467e-07,-0.07229032548994663,-0.0025220682404399775,0.002580448689900124,-5.810900669573543e-05
M5_literature_R4,vle_obs_0193,Jou1995,0.3,313.15,40.0,0.642,110000.0,103000.0,1374102.959858337,1.1251820503932322,0.03654258064516129,0.03331843739731388,-0.040114588853674076,cheq_canon_00202,cheq_canon_00206,-2.7836958326680508,2.151,-1545.3,0.0,0.0,training,active_training,vle|Jou1995|w=0.3|T=40,calibration_derived_partial_pressure,LOCAL_EQUILIBRIUM,5.684341886080802e-14,4.547473508864641e-13,8.699399503794583e-12,0.47368381672082804,7.373970133294909e-10,sha256:f8addf9b50d6ea512435da5d916a903a56e0027567b9373b93c35185109753d9,8.138378859712246e-07,-0.2979179982709468,0.004413502630029598,0.4282583094372682,-0.4326726301684402,-2.3623272569019014e-07,-0.06919002301149434,-0.0023619869542605317,0.0025900121440959284,-0.00022778820543829881
M5_literature_R4,vle_obs_0194,Jou1995,0.3,333.15,60.0,0.0564,220000.0,4.28,43.99264127349953,1.0119362683460569,,0.005796842168141347,,,,-2.4874511481314725,2.151,-1545.3,0.0,0.0,training,active_training,vle|Jou1995|w=0.3|T=60,calibration_derived_partial_pressure,LOCAL_EQUILIBRIUM,5.684341886080802e-14,1.1368683772161603e-13,1.646615353158929e-12,0.4681130770437027,1.4019921049376103e-10,sha256:f8addf9b50d6ea512435da5d916a903a56e0027567b9373b93c35185109753d9,0.0003984603313966772,0.40036867472448273,-0.003221899280703155,0.4371177771522738,-0.4342943386026476,4.674668150024649e-06,-0.03656098302108012,-0.009394633155999811,0.009389894498454144,6.396625015250154e-08
M5_literature_R4,vle_obs_0195,Jou1995,0.3,333.15,60.0,0.119,260000.0,19.3,242.07853134989807,1.0983989668870933,,0.012219942155911904,,,,-2.4874511481314725,2.151,-1545.3,0.0,0.0,training,active_training,vle|Jou1995|w=0.3|T=60,calibration_derived_partial_pressure,LOCAL_EQUILIBRIUM,2.842170943040401e-14,1.8474111129762605e-13,1.820556532878142e-12,0.4686229467952645,2.458543677235511e-10,sha256:f8addf9b50d6ea512435da5d916a903a56e0027567b9373b93c35185109753d9,0.00010233769387468782,0.39282681094654487,-0.0011900795016117627,0.43538177894042457,-0.43429403446815223,3.4238041400229524e-07,-0.03686372234205516,-0.00549234537507125,0.005491839857129923,1.6312455979271793e-07
M5_literature_R4,vle_obs_0196,Jou1995,0.3,333.15,60.0,0.206,220000.0,57.9,1668.0120197886954,1.4595206121360917,0.023387837837837835,0.020841580746018915,-0.05005941866491598,cheq_canon_00222,cheq_canon_00226,-2.4874511481314725,2.151,-1545.3,0.0,0.0,training,active_training,vle|Jou1995|w=0.3|T=60,calibration_derived_partial_pressure,LOCAL_EQUILIBRIUM,2.842170943040401e-14,3.552713678800501e-13,2.109366257420995e-12,0.4692887386140361,3.5007712128888583e-10,sha256:f8addf9b50d6ea512435da5d916a903a56e0027567b9373b93c35185109753d9,3.513047630576693e-05,0.37177596525772566,-0.0003391849023870463,0.4345962562268823,-0.43429220162316534,-1.8647260501320326e-07,-0.04247717265391448,-0.0034280704012691174,0.003427634432892395,6.22434719340134e-07
M5_literature_R4,vle_obs_0197,Jou1995,0.3,333.15,60.0,0.389,300000.0,528.0,27512.363893418653,1.7168939845320559,0.03953333333333334,0.03576731843828375,-0.04347705303887153,cheq_canon_00226,cheq_canon_00230,-2.4874511481314725,2.151,-1545.3,0.0,0.0,training,active_training,vle|Jou1995|w=0.3|T=60,calibration_derived_partial_pressure,LOCAL_EQUILIBRIUM,5.684341886080802e-14,2.4158453015843406e-13,5.337642505764961e-13,0.47014908622588336,6.124444481199732e-10,sha256:f8addf9b50d6ea512435da5d916a903a56e0027567b9373b93c35185109753d9,8.456169098280952e-06,0.21993540073594883,0.0004436270906182926,0.43380789840341544,-0.4342599761564258,-3.8991184667177754e-07,-0.07040275816032124,-0.0017520847339107198,0.0017485595404360802,3.915173077225855e-06
M5_literature_R4,vle_obs_0198,Jou1995,0.3,333.15,60.0,0.438,200000.0,2009.9999999999998,95826.48418450271,1.6782894970193158,0.041917567567567565,0.03796513125309511,-0.04301116739417023,cheq_canon_00230,cheq_canon_00234,-2.4874511481314725,2.151,-1545.3,0.0,0.0,training,active_training,vle|Jou1995|w=0.3|T=60,calibration_derived_partial_pressure,LOCAL_EQUILIBRIUM,5.684341886080802e-14,2.4158453015843406e-13,6.754999049007893e-13,0.47001620498856844,7.562477837810893e-10,sha256:f8addf9b50d6ea512435da5d916a903a56e0027567b9373b93c35185109753d9,5.911893197207973e-06,0.12203196808613369,0.0008580891552867341,0.4333061344397037,-0.43417013584345904,-4.242318376367314e-07,-0.08020227699109765,-0.00149901146032101,0.0014907998208839627,8.63603253037287e-06
M5_literature_R4,vle_obs_0199,Jou1995,0.3,333.15,60.0,0.504,250000.0,11000.0,234595.13819442835,1.3289263222921683,0.043064285714285715,0.03865296613821502,-0.04693442191123869,cheq_canon_00234,cheq_canon_00238,-2.4874511481314725,2.151,-1545.3,0.0,0.0,training,active_training,vle|Jou1995|w=0.3|T=60,calibration_derived_partial_pressure,LOCAL_EQUILIBRIUM,4.263256414560601e-14,2.2737367544323206e-13,1.1117663234472275e-13,0.4693770632884923,1.059835693536062e-09,sha256:f8addf9b50d6ea512435da5d916a903a56e0027567b9373b93c35185109753d9,3.3885783068399174e-06,-0.04388438528124538,0.0014823271499153632,0.4324999866689438,-0.433985707459783,-4.214557211819392e-07,-0.08804957078821585,-0.0012446659293064845,0.0012428247759294663,2.263062731203496e-06
M5_literature_R4,vle_obs_0200,Jou1995,0.3,333.15,60.0,0.561,250000.0,34000.0,565427.6573352573,1.2208981307163358,0.045203703703703704,0.037018118628470056,-0.08675967676124796,cheq_canon_00238,cheq_canon_00242,-2.4874511481314725,2.151,-1545.3,0.0,0.0,training,active_training,vle|Jou1995|w=0.3|T=60,calibration_derived_partial_pressure,LOCAL_EQUILIBRIUM,5.684341886080802e-14,8.526512829121202e-14,3.1940871849656105e-12,0.4683358904967972,1.4431670936652193e-09,sha256:f8addf9b50d6ea512435da5d916a903a56e0027567b9373b93c35185109753d9,1.971667273892308e-06,-0.17187482033165222,0.0017804616447847363,0.4317888825156046,-0.43357132391008685,-3.694064452693274e-07,-0.08724187297566058,-0.0010963212936240516,0.0011328193238701791,-3.612767846611361e-05
M5_literature_R4,vle_obs_0201,Jou1995,0.3,333.15,60.0,0.579,100000.0,82000.0,1812790.2964266073,1.3445337154336756,0.04253703703703705,0.03615053127807196,-0.07065255118439721,cheq_canon_00238,cheq_canon_00242,-2.4874511481314725,2.151,-1545.3,0.0,0.0,training,active_training,vle|Jou1995|w=0.3|T=60,calibration_derived_partial_pressure,LOCAL_EQUILIBRIUM,5.684341886080802e-14,2.8421709430404007e-13,9.341747500002384e-12,0.4679135240078051,1.5857170617040493e-09,sha256:f8addf9b50d6ea512435da5d916a903a56e0027567b9373b93c35185109753d9,1.6591172879998337e-06,-0.20269358422808634,0.0018005723134706384,0.4302042387216431,-0.43200647104058015,-3.4826651974535544e-07,-0.08607671054211763,-0.0010577585150129583,0.0012155958407206525,-0.00015748790519577662
M5_literature_R4,vle_obs_0202,Jou1995,0.3,333.15,60.0,0.668,300000.0,282000.0,1816722.4620126917,0.8090394775342,0.03685294117647059,0.03015978163638097,-0.08704396113274275,cheq_canon_00242,cheq_canon_00246,-2.4874511481314725,2.151,-1545.3,0.0,0.0,training,active_training,vle|Jou1995|w=0.3|T=60,calibration_derived_partial_pressure,LOCAL_EQUILIBRIUM,5.684341886080802e-14,4.263256414560601e-13,4.74004385372003e-13,0.46548122664187613,2.468731624672955e-09,sha256:f8addf9b50d6ea512435da5d916a903a56e0027567b9373b93c35185109753d9,7.347900066179135e-07,-0.30236318044885024,0.001604977128977225,0.4304877447403043,-0.432093468560879,-2.502489273350542e-07,-0.07870032600890028,-0.0008903371891765173,0.0012751139672127199,-0.00038452376730882906
M5_literature_R4,vle_obs_0203,Jou1995,0.3,353.15,80.0,0.0174,250000.0,2.96,12.313793443184935,0.6191001532170404,,0.0017755838113173391,,,,-2.2247610080702254,2.151,-1545.3,0.0,0.0,training,active_training,vle|Jou1995|w=0.3|T=80,calibration_derived_partial_pressure,LOCAL_EQUILIBRIUM,9.947598300641403e-14,2.4158453015843406e-13,8.399365469813347e-13,0.4606661542688354,1.2495148126878615e-10,sha256:f8addf9b50d6ea512435da5d916a903a56e0027567b9373b93c35185109753d9,0.0033501709850725088,0.39924328725238206,-0.0032362248880701823,0.4341804135776783,-0.43429436054065457,4.779497303095375e-05,-0.03936242511693059,-0.008970269987266917,0.008922412630644423,6.232053942730388e-08
M5_literature_R4,vle_obs_0204,Jou1995,0.3,353.15,80.0,0.0236,280000.0,4.84,20.120456101520315,0.6187924596762727,,0.002415075472819052,,,,-2.2247610080702254,2.151,-1545.3,0.0,0.0,training,active_training,vle|Jou1995|w=0.3|T=80,calibration_derived_partial_pressure,LOCAL_EQUILIBRIUM,2.842170943040401e-14,2.5579538487363607e-13,3.105794478740011e-13,0.460719803644308,1.6525561281452044e-10,sha256:f8addf9b50d6ea512435da5d916a903a56e0027567b9373b93c35185109753d9,0.0019396976913554906,0.3990449759072589,-0.0026278873077600906,0.4349825245553162,-0.43429433322916816,2.1330100892736203e-05,-0.03826054033089731,-0.007386524359650813,0.0073651193990201995,7.48077276260648e-08
M5_literature_R4,vle_obs_0205,Jou1995,0.3,353.15,80.0,0.0781,250000.0,46.5,306.96943488760166,0.8196421818038644,0.00811844155844156,0.007996779544358266,-0.006557545179199715,cheq_canon_00250,cheq_canon_00254,-2.2247610080702254,2.151,-1545.3,0.0,0.0,training,active_training,vle|Jou1995|w=0.3|T=80,calibration_derived_partial_pressure,LOCAL_EQUILIBRIUM,4.263256414560601e-14,9.947598300641403e-14,1.00000761449337e-13,0.46116457742354594,4.655554929506967e-10,sha256:f8addf9b50d6ea512435da5d916a903a56e0027567b9373b93c35185109753d9,0.00022343384920020523,0.39283024237946046,-0.0008260030437412523,0.43489623173798003,-0.43429365672587034,3.634078767709499e-07,-0.038045158043459155,-0.0032687601678074293,0.0032680566420046353,3.400916017815161e-07
M5_literature_R4,vle_obs_0206,Jou1995,0.3,353.15,80.0,0.118,250000.0,99.2,902.3670502564917,0.9588715566027258,0.01184935064935065,0.012011685734971233,0.00590940967779291,cheq_canon_00250,cheq_canon_00254,-2.2247610080702254,2.151,-1545.3,0.0,0.0,training,active_training,vle|Jou1995|w=0.3|T=80,calibration_derived_partial_pressure,LOCAL_EQUILIBRIUM,1.2789769243681803e-13,1.7053025658242404e-13,1.4381948858499527e-12,0.4614861491593492,6.379156990399945e-10,sha256:f8addf9b50d6ea512435da5d916a903a56e0027567b9373b93c35185109753d9,0.0001034827779022862,0.38565438527093926,-0.00041104231129907015,0.4346002273170057,-0.434292672801817,-1.822959613059552e-07,-0.040328038805506186,-0.002358600656323555,0.0023581281378200997,6.547928384186419e-07
M5_literature_R4,vle_obs_0207,Jou1995,0.3,353.15,80.0,0.187,250000.0,278.0,3766.2332250271165,1.1318624144004081,0.017715384615384615,0.018736714382409717,0.024342850910767242,cheq_canon_00254,cheq_canon_00258,-2.2247610080702254,2.151,-1545.3,0.0,0.0,training,active_training,vle|Jou1995|w=0.3|T=80,calibration_derived_partial_pressure,LOCAL_EQUILIBRIUM,1.5631940186722204e-13,2.4158453015843406e-13,9.546056389808656e-13,0.46201273795700426,8.813055144313388e-10,sha256:f8addf9b50d6ea512435da5d916a903a56e0027567b9373b93c35185109753d9,4.195168656906389e-05,0.3672162194767736,-0.0001072576250038537,0.4343539767859283,-0.43428867519956776,-3.295439701904954e-07,-0.04631269414622427,-0.0015644363315821797,0.001563087376817085,1.6784854359784197e-06
M5_literature_R4,vle_obs_0208,Jou1995,0.3,353.15,80.0,0.348,300000.0,2670.0,47278.17571576336,1.24814944906652,0.033680645161290323,0.03220675601477994,-0.019433418674084962,cheq_canon_00262,cheq_canon_00266,-2.2247610080702254,2.151,-1545.3,0.0,0.0,training,active_training,vle|Jou1995|w=0.3|T=80,calibration_derived_partial_pressure,LOCAL_EQUILIBRIUM,1.4210854715202004e-13,2.2737367544323206e-13,3.880510727564494e-16,0.4628461814756347,1.47401402407733e-09,sha256:f8addf9b50d6ea512435da5d916a903a56e0027567b9373b93c35185109753d9,1.071596145152398e-05,0.25716459832736405,0.000158656376925137,0.43406273633195264,-0.4342321116013181,-4.1105071833225304e-07,-0.0712153989794436,-0.0008051862028496371,0.0007963439749798527,9.253382836645995e-06
M5_literature_R4,vle_obs_0209,Jou1995,0.3,353.15,80.0,0.46,200000.0,16000.0,435062.99954996107,1.4344321671167555,0.04284464285714286,0.03703307512624297,-0.06330675082117534,cheq_canon_00266,cheq_canon_00270,-2.2247610080702254,2.151,-1545.3,0.0,0.0,training,active_training,vle|Jou1995|w=0.3|T=80,calibration_derived_partial_pressure,LOCAL_EQUILIBRIUM,2.8421709430404007e-13,2.7000623958883807e-13,6.049231160432101e-13,0.4624709105328524,2.332033155146229e-09,sha256:f8addf9b50d6ea512435da5d916a903a56e0027567b9373b93c35185109753d9,4.68300953571088e-06,0.055598088621877644,0.0004653346152849735,0.43322581584348535,-0.43369584341590434,-4.542784787653923e-07,-0.09337566477912615,-0.0005536800528876709,0.0005248130268757811,2.9321977420882725e-05
M5_literature_R4,vle_obs_0210,Jou1995,0.3,353.15,80.0,0.517,100000.0,56000.0,2087699.4710274318,1.5714799541687698,,0.036885966047166555,,,,-2.2247610080702254,2.151,-1545.3,0.0,0.0,training,active_training,vle|Jou1995|w=0.3|T=80,calibration_derived_partial_pressure,LOCAL_EQUILIBRIUM,5.371198213442017e-14,9.947598300641403e-14,1.2110103853046894e-12,0.46169638314483263,3.0879111828357818e-09,sha256:f8addf9b50d6ea512435da5d916a903a56e0027567b9373b93c35185109753d9,2.8859581391316165e-06,-0.07390211056446105,0.0006185293166538486,0.4308152472987103,-0.4314366681690273,-4.274833239839458e-07,-0.09829465377299383,-0.00047401661525223486,0.0004893249354600407,-1.4879363187189417e-05
M5_literature_R4,vle_obs_0211,Jou1995,0.3,353.15,80.0,0.5785,500000.0,235000.0,993015.4774079314,0.6258881553077082,,0.03472723377924918,,,,-2.2247610080702254,2.151,-1545.3,0.0,0.0,training,active_training,vle|Jou1995|w=0.3|T=80,calibration_derived_partial_pressure,LOCAL_EQUILIBRIUM,1.2789769243681803e-13,2.4158453015843406e-13,6.263144314289093e-13,0.46043578702538546,4.219193115877163e-09,sha256:f8addf9b50d6ea512435da5d916a903a56e0027567b9373b93c35185109753d9,1.6634693622563643e-06,-0.19020445600759214,0.0006868536850390682,0.432286476925725,-0.4329750054488101,-3.643445483356272e-07,-0.09686059532468425,-0.0004142454258495063,0.0005057276014123632,-9.111481338398496e-05
M5_literature_R4,vle_obs_0212,Jou1995,0.3,353.15,80.0,0.64,600000.0,558000.0,1743670.6669887288,0.4948302627279493,,0.031059962203398423,,,,-2.2247610080702254,2.151,-1545.3,0.0,0.0,training,active_training,vle|Jou1995|w=0.3|T=80,calibration_derived_partial_pressure,LOCAL_EQUILIBRIUM,9.947598300641403e-14,1.7763568394002505e-13,2.4893476317326227e-13,0.4587631835628399,5.680661839236528e-09,sha256:f8addf9b50d6ea512435da5d916a903a56e0027567b9373b93c35185109753d9,9.701572878384468e-07,-0.2644983832844616,0.0006493333870594142,0.4313882798534507,-0.4320385945000282,-2.957787004480275e-07,-0.0925120856577154,-0.0003680717420589728,0.0006850530491167813,-0.00031668000393843623
M5_literature_R4,vle_obs_0213,Jou1995,0.3,353.15,80.0,0.689,1000000.0,958000.0,1784187.1688157555,0.2700749026880589,,0.027450916044379037,,,,-2.2247610080702254,2.151,-1545.3,0.0,0.0,training,active_training,vle|Jou1995|w=0.3|T=80,calibration_derived_partial_pressure,LOCAL_EQUILIBRIUM,1.4210854715202004e-13,1.9184653865522705e-13,9.546056389808656e-13,0.457260561967928,7.138261599458155e-09,sha256:f8addf9b50d6ea512435da5d916a903a56e0027567b9373b93c35185109753d9,6.552092202127823e-07,-0.30081179227536836,0.0005821306992004338,0.43140961807353045,-0.4319924211237946,-2.490201321471417e-07,-0.089075135568394,-0.00033548748988004856,0.0008093430157294185,-0.00047359787283764897
M5_literature_R4,vle_obs_0214,Jou1995,0.3,373.15,100.0,0.0117,300000.0,7.24,16.167248572636613,0.34889754947949414,,0.0011893650936362075,,,,-1.9902300683371301,2.151,-1545.3,0.0,0.0,training,active_training,vle|Jou1995|w=0.3|T=100,calibration_derived_partial_pressure,LOCAL_EQUILIBRIUM,7.105427357601002e-14,4.547473508864641e-13,4.047372688849767e-12,0.45342855284125866,1.9424640263332353e-10,sha256:f8addf9b50d6ea512435da5d916a903a56e0027567b9373b93c35185109753d9,0.006659329510050326,0.3959281738463715,-0.001715299458027175,0.4293501979057978,-0.43429423250973537,5.9177276801641754e-05,-0.04087675227706601,-0.005303303464299531,0.0052439947239855495,1.3137610514944836e-07
M5_literature_R4,vle_obs_0215,Jou1995,0.3,373.15,100.0,0.0566,300000.0,136.0,410.8796919632361,0.48017576809179835,,0.005753540246675574,,,,-1.9902300683371301,2.151,-1545.3,0.0,0.0,training,active_training,vle|Jou1995|w=0.3|T=100,calibration_derived_partial_pressure,LOCAL_EQUILIBRIUM,4.263256414560601e-14,2.1671553440683056e-13,3.6030542105436326e-13,0.4537972203246927,8.201334143686992e-10,sha256:f8addf9b50d6ea512435da5d916a903a56e0027567b9373b93c35185109753d9,0.0003811739368586586,0.39018850088723406,-0.00046530459485438763,0.4343770631187737,-0.43429293405949915,-9.702281063456866e-09,-0.040912514522796185,-0.001781876646541732,0.001781202282357286,6.840251054823058e-07
M5_literature_R4,vle_obs_0216,Jou1995,0.3,373.15,100.0,0.188,300000.0,1430.0,10854.96186925072,0.8802922647608364,,0.01850784984312257,,,,-1.9902300683371301,2.151,-1545.3,0.0,0.0,training,active_training,vle|Jou1995|w=0.3|T=100,calibration_derived_partial_pressure,LOCAL_EQUILIBRIUM,4.263256414560601e-14,2.913225216616411e-13,1.8653615067402522e-12,0.45480187961374213,2.116681179921299e-09,sha256:f8addf9b50d6ea512435da5d916a903a56e0027567b9373b93c35185109753d9,3.8342395924928496e-05,0.35631035668615135,-1.4170709050631556e-05,0.43425195705992786,-0.4342761377174042,-4.3258604428694166e-07,-0.053011867034277155,-0.0006413914125077052,0.0006365677196510335,5.256260467110269e-06
M5_literature_R4,vle_obs_0217,Jou1995,0.3,373.15,100.0,0.381,110000.0,19000.0,694132.7247091177,1.5626889186340458,,0.033112775177450655,,,,-1.9902300683371301,2.151,-1545.3,0.0,0.0,training,active_training,vle|Jou1995|w=0.3|T=100,calibration_derived_partial_pressure,LOCAL_EQUILIBRIUM,6.445437856130421e-14,2.2737367544323206e-13,1.110694773325866e-11,0.4554540597668377,4.127493824813432e-09,sha256:f8addf9b50d6ea512435da5d916a903a56e0027567b9373b93c35185109753d9,7.586020700500739e-06,0.19217076054900414,0.00011617675710340335,0.43316211479904604,-0.43328588459345946,-4.4474109544697987e-07,-0.08770249917714863,-0.00028443503218649347,0.0001646826656762838,0.00012019764024157119
M5_literature_R4,vle_obs_0218,Jou1995,0.3,373.15,100.0,0.422,130000.0,39000.0,1108101.0440591536,1.453514757045056,,0.03478726843282776,,,,-1.9902300683371301,2.151,-1545.3,0.0,0.0,training,active_training,vle|Jou1995|w=0.3|T=100,calibration_derived_partial_pressure,LOCAL_EQUILIBRIUM,1.7053025658242404e-13,2.8421709430404007e-13,4.603106600160782e-12,0.4552836900690326,4.8695417766549194e-09,sha256:f8addf9b50d6ea512435da5d916a903a56e0027567b9373b93c35185109753d9,5.60946844530008e-06,0.12132141486986824,0.00015553069943052833,0.43250709014230887,-0.4326682415012328,-4.5160335684918255e-07,-0.0962953424366754,-0.0002464639809978397,0.00011165911719046794,0.00013525747069283975
M5_literature_R4,vle_obs_0219,Jou1995,0.3,373.15,100.0,0.477,160000.0,69000.0,2062609.8150888905,1.4755679893053275,,0.03573180717509501,,,,-1.9902300683371301,2.151,-1545.3,0.0,0.0,training,active_training,vle|Jou1995|w=0.3|T=100,calibration_derived_partial_pressure,LOCAL_EQUILIBRIUM,4.263256414560601e-14,2.8421709430404007e-13,2.1040250430814923e-12,0.45475187794947897,6.22278817749416e-09,sha256:f8addf9b50d6ea512435da5d916a903a56e0027567b9373b93c35185109753d9,3.654410107856165e-06,0.009562425784537254,0.00021075976519568937,0.4310361279458163,-0.4312505542891642,-4.407360136763841e-07,-0.10496378250549442,-0.00020708343074614852,0.00010733336048621047,0.00010019298471722273
M5_literature_R4,vle_obs_0220,Jou1995,0.3,373.15,100.0,0.481,200000.0,109000.0,1752854.2200284072,1.2063193006004735,,0.03573895479617423,,,,-1.9902300683371301,2.151,-1545.3,0.0,0.0,training,active_training,vle|Jou1995|w=0.3|T=100,calibration_derived_partial_pressure,LOCAL_EQUILIBRIUM,2.842170943040401e-14,1.7053025658242404e-13,1.22570781968534e-12,0.45470227179259515,6.342412724931473e-09,sha256:f8addf9b50d6ea512435da5d916a903a56e0027567b9373b93c35185109753d9,3.542588444815919e-06,0.0010630266444877634,0.000214661621811274,0.43148863477782123,-0.4317068539982926,-4.3862050986479897e-07,-0.10539645982924396,-0.00020465171902288895,0.00012987034876951143,7.522228928642922e-05
M5_literature_R4,vle_obs_0221,Jou1995,0.3,373.15,100.0,0.571,600000.0,509000.0,2010178.4871138916,0.5965168385300812,,0.03369108514269296,,,,-1.9902300683371301,2.151,-1545.3,0.0,0.0,training,active_training,vle|Jou1995|w=0.3|T=100,calibration_derived_partial_pressure,LOCAL_EQUILIBRIUM,1.1368683772161603e-13,3.694822225952521e-13,7.741618901491165e-13,0.45298756978940496,9.765586442651246e-09,sha256:f8addf9b50d6ea512435da5d916a903a56e0027567b9373b93c35185109753d9,1.660893644839234e-06,-0.16766778010435246,0.0002605502480435007,0.43115114491953926,-0.43141337116026074,-3.6298898589688647e-07,-0.10767877979351902,-0.000164234310036924,0.00034213798155905345,-0.0001775340623743066
M5_literature_R4,vle_obs_0222,Jou1995,0.3,373.15,100.0,0.589,700000.0,376000.0,2152323.5401647217,0.7577197107036464,,0.0328479433927295,,,,-1.9902300683371301,2.151,-1545.3,0.0,0.0,training,active_training,vle|Jou1995|w=0.3|T=100,calibration_derived_partial_pressure,LOCAL_EQUILIBRIUM,2.842170943040401e-14,1.7763568394002505e-13,4.806289715426309e-14,0.45253410920681736,1.0638224161914783e-08,sha256:f8addf9b50d6ea512435da5d916a903a56e0027567b9373b93c35185109753d9,1.4281020810358311e-06,-0.19330323048905027,0.0002601802329138536,0.4309737084540188,-0.4312353333091323,-3.441220797054215e-07,-0.1068764109276762,-0.00015833601394176237,0.00040781084416113047,-0.00024912275323642484
M5_literature_R4,vle_obs_0223,Jou1995,0.3,373.15,100.0,0.6135,1000000.0,909000.0,2018879.2783264294,0.34654646725997224,,0.03151879877453935,,,,-1.9902300683371301,2.151,-1545.3,0.0,0.0,training,active_training,vle|Jou1995|w=0.3|T=100,calibration_derived_partial_pressure,LOCAL_EQUILIBRIUM,5.684341886080802e-14,1.8474111129762605e-13,2.9336661100387573e-14,0.451882114890472,1.194080989820018e-08,sha256:f8addf9b50d6ea512435da5d916a903a56e0027567b9373b93c35185109753d9,1.1610268302320037e-06,-0.22360257050380025,0.0002557176692619123,0.4311993997418994,-0.43145629913254874,-3.1866318836111957e-07,-0.10544682372521483,-0.00015097428494080363,0.00046274203754179523,-0.0003114389747763853
M5_literature_R4,vle_obs_0224,Jou1995,0.3,393.15,120.0,0.00333,250000.0,2.02,6.121238649922384,0.4814879423061122,,0.00033433737581683965,,,,-1.7795608546356356,2.151,-1545.3,0.0,0.0,training,active_training,vle|Jou1995|w=0.3|T=120,calibration_derived_partial_pressure,LOCAL_EQUILIBRIUM,5.684341886080802e-14,2.2737367544323206e-13,2.8937356546521188e-12,0.44608275935921343,1.3291841671328036e-10,sha256:f8addf9b50d6ea512435da5d916a903a56e0027567b9373b93c35185109753d9,0.047816038828418776,0.39138142028383166,-0.0022164463264751078,0.38869454921375274,-0.43429415428342105,0.0005199549990306345,-0.04571381988919555,-0.005571853243621936,0.005051706395116818,1.9167498366356883e-07
M5_literature_R4,vle_obs_0225,Jou1995,0.3,393.15,120.0,0.0112,350000.0,22.1,40.76056053634951,0.2658478740773845,,0.001131023971856573,,,,-1.7795608546356356,2.151,-1545.3,0.0,0.0,training,active_training,vle|Jou1995|w=0.3|T=120,calibration_derived_partial_pressure,LOCAL_EQUILIBRIUM,4.263256414560601e-14,5.400124791776761e-13,1.6183392809970038e-12,0.44615622506487657,3.840517803981585e-10,sha256:f8addf9b50d6ea512435da5d916a903a56e0027567b9373b93c35185109753d9,0.006675839947511974,0.3915369645390853,-0.0007154939529740999,0.4283334016363937,-0.4342937559353998,2.5508851664127175e-05,-0.04348526951710449,-0.0024575779697194843,0.0024316914566228183,3.775723088620107e-07
M5_literature_R4,vle_obs_0226,Jou1995,0.3,393.15,120.0,0.0247,400000.0,98.4,169.7898514602499,0.23691662995875012,,0.0024937172578964103,,,,-1.7795608546356356,2.151,-1545.3,0.0,0.0,training,active_training,vle|Jou1995|w=0.3|T=120,calibration_derived_partial_pressure,LOCAL_EQUILIBRIUM,4.263256414560601e-14,1.6342482922482304e-13,4.074536263942718e-15,0.4462711785441299,8.083789885305739e-10,sha256:f8addf9b50d6ea512435da5d916a903a56e0027567b9373b93c35185109753d9,0.0015772531725133374,0.3896592787988595,-0.00039822860564697743,0.4331140041280434,-0.4342930406409095,1.4274088027638923e-06,-0.043588078191163566,-0.0014012810214279869,0.0013991420630908781,7.114871044121138e-07
M5_literature_R4,vle_obs_0227,Jou1995,0.3,393.15,120.0,0.119,300000.0,2290.0,8514.558302062671,0.5703266412502955,,0.011768640000009014,,,,-1.7795608546356356,2.151,-1545.3,0.0,0.0,training,active_training,vle|Jou1995|w=0.3|T=120,calibration_derived_partial_pressure,LOCAL_EQUILIBRIUM,2.842170943040401e-14,2.5579538487363607e-13,5.5491303404172264e-14,0.44700350541243467,3.2141998224431552e-09,sha256:f8addf9b50d6ea512435da5d916a903a56e0027567b9373b93c35185109753d9,8.44903258467866e-05,0.36975967301344775,-4.121547547697446e-05,0.4342305572890836,-0.4342738442186799,-5.938824673895705e-07,-0.05152239564796313,-0.00040961069567411025,0.00040285098054352757,7.35353971698628e-06
M5_literature_R4,vle_obs_0228,Jou1995,0.3,393.15,120.0,0.349,350000.0,46800.0,405641.5273068666,0.9378965561629498,,0.03041498781785579,,,,-1.7795608546356356,2.151,-1545.3,0.0,0.0,training,active_training,vle|Jou1995|w=0.3|T=120,calibration_derived_partial_pressure,LOCAL_EQUILIBRIUM,7.105427357601002e-14,1.1368683772161603e-13,9.388064167329244e-13,0.44804102634948073,8.238845030121491e-09,sha256:f8addf9b50d6ea512435da5d916a903a56e0027567b9373b93c35185109753d9,8.263167927680115e-06,0.22046758800797758,4.495657179859335e-05,0.43359346406646176,-0.43364670183620996,-4.271595008722967e-07,-0.08973822356409744,-0.00012741991114764858,3.3567167033621586e-05,9.428071806440325e-05
M5_literature_R4,vle_obs_0229,Jou1995,0.3,393.15,120.0,0.4115,300000.0,122000.0,1204546.8294084182,0.9944638581414107,,0.03325057484780967,,,,-1.7795608546356356,2.151,-1545.3,0.0,0.0,training,active_training,vle|Jou1995|w=0.3|T=120,calibration_derived_partial_pressure,LOCAL_EQUILIBRIUM,1.1368683772161603e-13,2.8421709430404007e-13,7.689232006669044e-13,0.44780630980731007,1.0488338493933153e-08,sha256:f8addf9b50d6ea512435da5d916a903a56e0027567b9373b93c35185109753d9,5.198685926188772e-06,0.1261155433418537,6.40827835240998e-05,0.43229358137608637,-0.43236288611581125,-4.2826839360521156e-07,-0.10334405717201908,-0.00010110834881127183,-7.54952995379632e-05,0.0001770340051275114
M5_literature_R4,vle_obs_0230,Jou1995,0.3,393.15,120.0,0.444,400000.0,222000.0,1453711.2176697107,0.8161251672657751,,0.03406867738677676,,,,-1.7795608546356356,2.151,-1545.3,0.0,0.0,training,active_training,vle|Jou1995|w=0.3|T=120,calibration_derived_partial_pressure,LOCAL_EQUILIBRIUM,4.263256414560601e-14,2.2737367544323206e-13,7.175549399107695e-13,0.44753687707017326,1.2027868865244582e-08,sha256:f8addf9b50d6ea512435da5d916a903a56e0027567b9373b93c35185109753d9,4.066347258913083e-06,0.06703528914187018,7.510525534826229e-05,0.43187890055307315,-0.4319581011102968,-4.218056209845107e-07,-0.10936788886343182,-9.049348888214629e-05,-5.524222493323223e-05,0.00014616079140438294
M5_literature_R4,vle_obs_0231,Jou1995,0.3,393.15,120.0,0.473,600000.0,422000.0,1468629.8216773309,0.5415998916888303,,0.03436694773618673,,,,-1.7795608546356356,2.151,-1545.3,0.0,0.0,training,active_training,vle|Jou1995|w=0.3|T=120,calibration_derived_partial_pressure,LOCAL_EQUILIBRIUM,5.684341886080802e-14,1.8474111129762605e-13,2.3865140974521636e-14,0.4471995635230848,1.367235782452465e-08,sha256:f8addf9b50d6ea512435da5d916a903a56e0027567b9373b93c35185109753d9,3.250111291208668e-06,0.011284913004061535,8.440874665893715e-05,0.4318500576694361,-0.431937739708843,-4.1008700732590184e-07,-0.11352691279085202,-8.257352249005973e-05,-1.2330841755477444e-06,8.422146993773768e-05
M5_literature_R4,vle_obs_0232,Jou1995,0.3,393.15,120.0,0.536,1000000.0,822000.0,2060102.8757266055,0.39901709081202164,,0.03358416597590741,,,,-1.7795608546356356,2.151,-1545.3,0.0,0.0,training,active_training,vle|Jou1995|w=0.3|T=120,calibration_derived_partial_pressure,LOCAL_EQUILIBRIUM,6.445437856130421e-14,2.8421709430404007e-13,1.5064142644405365e-13,0.44609418615886515,1.8248666823464705e-08,sha256:f8addf9b50d6ea512435da5d916a903a56e0027567b9373b93c35185109753d9,1.958433415438776e-06,-0.10482505743425462,9.781544463294266e-05,0.43094567780954657,-0.4310454905009919,-3.664330331658829e-07,-0.11770534384007598,-6.968699733344392e-05,0.00015418526858890114,-8.412181270418358e-05
M5_literature_R4,vle_obs_0107,Hilliard2008,0.17,313.15,40.0,0.121,6889.46,5.55,1556.4707800390881,2.447847988868616,,0.006212705005575337,,,,-2.7836958326680508,2.151,-1545.3,0.0,0.0,validation,reserved_validation,vle|Hilliard2008|w=0.17|T=40,calibration_derived_partial_pressure,LOCAL_EQUILIBRIUM,2.2737367544323206e-13,1.5631940186722204e-13,4.868831489392264e-11,0.4799147580500563,9.270382014412327e-11,sha256:f8addf9b50d6ea512435da5d916a903a56e0027567b9373b93c35185109753d9,,,,,,,,,,
M5_literature_R4,vle_obs_0108,Hilliard2008,0.17,313.15,40.0,0.212,6988.41,14.0,8177.358155047785,2.766484983885604,,0.010871269426060398,,,,-2.7836958326680508,2.151,-1545.3,0.0,0.0,validation,reserved_validation,vle|Hilliard2008|w=0.17|T=40,calibration_derived_partial_pressure,LOCAL_EQUILIBRIUM,4.2969585707536134e-14,2.984279490192421e-13,1.2661029463123922e-10,0.4803464389831719,1.6066047723636596e-10,sha256:f8addf9b50d6ea512435da5d916a903a56e0027567b9373b93c35185109753d9,,,,,,,,,,
M5_literature_R4,vle_obs_0109,Hilliard2008,0.17,313.15,40.0,0.3,7019.01,36.2,32831.72110010632,2.9575850793203564,,0.01510711924968201,,,,-2.7836958326680508,2.151,-1545.3,0.0,0.0,validation,reserved_validation,vle|Hilliard2008|w=0.17|T=40,calibration_derived_partial_pressure,LOCAL_EQUILIBRIUM,6.445437856130421e-14,1.1368683772161603e-13,5.233869568845556e-11,0.48072087016275794,2.458967834578171e-10,sha256:f8addf9b50d6ea512435da5d916a903a56e0027567b9373b93c35185109753d9,,,,,,,,,,
M5_literature_R4,vle_obs_0111,Hilliard2008,0.17,313.15,40.0,0.467,7938.68,879.0,496764.9699874686,2.7521620883477214,,0.020580553245698387,,,,-2.7836958326680508,2.151,-1545.3,0.0,0.0,validation,reserved_validation,vle|Hilliard2008|w=0.17|T=40,calibration_derived_partial_pressure,LOCAL_EQUILIBRIUM,1.7053025658242404e-13,3.126388037344441e-13,1.7423843851690625e-11,0.480949557020603,6.709364090844254e-10,sha256:f8addf9b50d6ea512435da5d916a903a56e0027567b9373b93c35185109753d9,,,,,,,,,,
M5_literature_R4,vle_obs_0112,Hilliard2008,0.17,313.15,40.0,0.552,15688.98,8560.0,1148039.7540108447,2.127483162277325,,0.02018628305622429,,,,-2.7836958326680508,2.151,-1545.3,0.0,0.0,validation,reserved_validation,vle|Hilliard2008|w=0.17|T=40,calibration_derived_partial_pressure,LOCAL_EQUILIBRIUM,8.526512829121202e-14,3.979039320256561e-13,1.3515367044603652e-10,0.48043709257096595,1.312538815033081e-09,sha256:f8addf9b50d6ea512435da5d916a903a56e0027567b9373b93c35185109753d9,,,,,,,,,,
M5_literature_R4,vle_obs_0113,Hilliard2008,0.17,333.15,60.0,0.159,17602.2,21.2,5337.588659586037,2.4010092409777144,,0.008205695125054278,,,,-2.4874511481314725,2.151,-1545.3,0.0,0.0,validation,reserved_validation,vle|Hilliard2008|w=0.17|T=60,calibration_derived_partial_pressure,LOCAL_EQUILIBRIUM,4.2969585707536134e-14,1.7053025658242404e-13,3.041858874736971e-11,0.47327227744446415,3.6695292099611317e-10,sha256:f8addf9b50d6ea512435da5d916a903a56e0027567b9373b93c35185109753d9,,,,,,,,,,
M5_literature_R4,vle_obs_0114,Hilliard2008,0.17,333.15,60.0,0.219,17717.26,78.0,14733.62430230465,2.276214988746926,,0.01118101599521577,,,,-2.4874511481314725,2.151,-1545.3,0.0,0.0,validation,reserved_validation,vle|Hilliard2008|w=0.17|T=60,calibration_derived_partial_pressure,LOCAL_EQUILIBRIUM,4.263256414560601e-14,3.552713678800501e-13,8.979250845812417e-11,0.4735517212652269,5.15280504673008e-10,sha256:f8addf9b50d6ea512435da5d916a903a56e0027567b9373b93c35185109753d9,,,,,,,,,,
M5_literature_R4,vle_obs_0115,Hilliard2008,0.17,333.15,60.0,0.307,17891.2,244.0,57036.43706142634,2.368762561948083,,0.01521627538539778,,,,-2.4874511481314725,2.151,-1545.3,0.0,0.0,validation,reserved_validation,vle|Hilliard2008|w=0.17|T=60,calibration_derived_partial_pressure,LOCAL_EQUILIBRIUM,7.105427357601002e-14,1.4210854715202004e-13,2.4412270928892962e-11,0.4739031351364289,7.980404191679182e-10,sha256:f8addf9b50d6ea512435da5d916a903a56e0027567b9373b93c35185109753d9,,,,,,,,,,
M5_literature_R4,vle_obs_0116,Hilliard2008,0.17,333.15,60.0,0.38,18419.08,794.0,172551.21941579235,2.3370975303611075,,0.01798874581638152,,,,-2.4874511481314725,2.151,-1545.3,0.0,0.0,validation,reserved_validation,vle|Hilliard2008|w=0.17|T=60,calibration_derived_partial_pressure,LOCAL_EQUILIBRIUM,9.282491429618471e-14,2.913225216616411e-13,5.596466582536314e-11,0.4740834406183662,1.1734142530440552e-09,sha256:f8addf9b50d6ea512435da5d916a903a56e0027567b9373b93c35185109753d9,,,,,,,,,,
M5_literature_R4,vle_obs_0117,Hilliard2008,0.17,333.15,60.0,0.477,22023.23,4320.0,710999.3173378619,2.216385436929563,,0.019970277205561594,,,,-2.4874511481314725,2.151,-1545.3,0.0,0.0,validation,reserved_validation,vle|Hilliard2008|w=0.17|T=60,calibration_derived_partial_pressure,LOCAL_EQUILIBRIUM,4.263256414560601e-14,1.1368683772161603e-13,2.905562191806514e-11,0.47397615403564924,2.176505475154113e-09,sha256:f8addf9b50d6ea512435da5d916a903a56e0027567b9373b93c35185109753d9,,,,,,,,,,
M5_literature_R4,vle_obs_0118,Hilliard2008,0.17,333.15,60.0,0.504,32812.19,14800.0,746402.4993238206,1.7027113695781142,,0.020010236077313892,,,,-2.4874511481314725,2.151,-1545.3,0.0,0.0,validation,reserved_validation,vle|Hilliard2008|w=0.17|T=60,calibration_derived_partial_pressure,LOCAL_EQUILIBRIUM,9.947598300641403e-14,2.8421709430404007e-13,2.985582288697147e-12,0.47384043612551213,2.6388277169489624e-09,sha256:f8addf9b50d6ea512435da5d916a903a56e0027567b9373b93c35185109753d9,,,,,,,,,,
M5_literature_R4,vle_obs_0143,Hilliard2008,0.3,333.15,60.0,0.114,16640.9,19.400000000000002,3344.088691949006,2.2364760573514793,,0.011711707415635137,,,,-2.4874511481314725,2.151,-1545.3,0.0,0.0,validation,reserved_validation,vle|Hilliard2008|w=0.3|T=60,calibration_derived_partial_pressure,LOCAL_EQUILIBRIUM,5.684341886080802e-14,3.268496584496461e-13,2.951172551398852e-11,0.46856159562225536,2.38714250894313e-10,sha256:f8addf9b50d6ea512435da5d916a903a56e0027567b9373b93c35185109753d9,,,,,,,,,,
M5_literature_R4,vle_obs_0144,Hilliard2008,0.3,333.15,60.0,0.191,16777.5,58.9,16575.96956055363,2.4493636457577836,0.021699999999999997,0.01939075365222654,-0.04886504490172055,cheq_canon_00218,cheq_canon_00222,-2.4874511481314725,2.151,-1545.3,0.0,0.0,validation,reserved_validation,vle|Hilliard2008|w=0.3|T=60,calibration_derived_partial_pressure,LOCAL_EQUILIBRIUM,1.2789769243681803e-13,2.2737367544323206e-13,4.517815660476027e-11,0.46916085550407655,3.338766272888979e-10,sha256:f8addf9b50d6ea512435da5d916a903a56e0027567b9373b93c35185109753d9,,,,,,,,,,
M5_literature_R4,vle_obs_0145,Hilliard2008,0.3,333.15,60.0,0.291,16823.1,209.0,93906.6967729109,2.6525502781232877,0.03136666666666667,0.028601751925209848,-0.040075733195723204,cheq_canon_00226,cheq_canon_00230,-2.4874511481314725,2.151,-1545.3,0.0,0.0,validation,reserved_validation,vle|Hilliard2008|w=0.3|T=60,calibration_derived_partial_pressure,LOCAL_EQUILIBRIUM,3.4809342861069267e-14,2.8421709430404007e-13,4.111975023440919e-11,0.4698217507857448,4.4485552624323325e-10,sha256:f8addf9b50d6ea512435da5d916a903a56e0027567b9373b93c35185109753d9,,,,,,,,,,
M5_literature_R4,vle_obs_0146,Hilliard2008,0.3,333.15,60.0,0.386,17473.0,763.0,446629.33271092956,2.767422704327704,0.03928333333333334,0.0355892670220829,-0.04288928854657839,cheq_canon_00226,cheq_canon_00230,-2.4874511481314725,2.151,-1545.3,0.0,0.0,validation,reserved_validation,vle|Hilliard2008|w=0.3|T=60,calibration_derived_partial_pressure,LOCAL_EQUILIBRIUM,4.263256414560601e-14,3.126388037344441e-13,3.032558170952453e-11,0.47012445930602015,6.052535841257001e-10,sha256:f8addf9b50d6ea512435da5d916a903a56e0027567b9373b93c35185109753d9,,,,,,,,,,
M5_literature_R4,vle_obs_0147,Hilliard2008,0.3,333.15,60.0,0.485,21664.94,4860.0,1959778.0328314777,2.605570616086328,0.04236216216216216,0.038743214909375524,-0.038782462759539685,cheq_canon_00230,cheq_canon_00234,-2.4874511481314725,2.151,-1545.3,0.0,0.0,validation,reserved_validation,vle|Hilliard2008|w=0.3|T=60,calibration_derived_partial_pressure,LOCAL_EQUILIBRIUM,8.526512829121202e-14,2.8421709430404007e-13,2.841879706623704e-11,0.4696041009409414,9.560127367686393e-10,sha256:f8addf9b50d6ea512435da5d916a903a56e0027567b9373b93c35185109753d9,,,,,,,,,,
M5_literature_R4,vle_obs_0148,Hilliard2008,0.3,333.15,60.0,0.544,42603.16,25800.0,2559044.828613804,1.9964581878368435,0.044835714285714284,0.03770685572229717,-0.07520377375669246,cheq_canon_00234,cheq_canon_00238,-2.4874511481314725,2.151,-1545.3,0.0,0.0,validation,reserved_validation,vle|Hilliard2008|w=0.3|T=60,calibration_derived_partial_pressure,LOCAL_EQUILIBRIUM,7.105427357601002e-14,2.2737367544323206e-13,5.742968988500995e-12,0.46867337921687197,1.3141762985232936e-09,sha256:f8addf9b50d6ea512435da5d916a903a56e0027567b9373b93c35185109753d9,,,,,,,,,,
M5_literature_R4,vle_obs_0149,Hilliard2008,0.3,333.15,60.0,0.565,68202.88,50200.0,2179805.9666105267,1.637714119862914,0.04461111111111112,0.03684529157756943,-0.08306104248583074,cheq_canon_00238,cheq_canon_00242,-2.4874511481314725,2.151,-1545.3,0.0,0.0,validation,reserved_validation,vle|Hilliard2008|w=0.3|T=60,calibration_derived_partial_pressure,LOCAL_EQUILIBRIUM,8.526512829121202e-14,1.7053025658242404e-13,5.357737727490686e-12,0.468233539573762,1.4718907392977046e-09,sha256:f8addf9b50d6ea512435da5d916a903a56e0027567b9373b93c35185109753d9,,,,,,,,,,
M5_literature_R4,vle_obs_0150,Hilliard2008,0.4,313.15,40.0,0.115,6105.45,5.05,3336.5433313628155,2.820005391244831,,0.017172195617698203,,,,-2.7836958326680508,2.151,-1545.3,0.0,0.0,validation,reserved_validation,vle|Hilliard2008|w=0.4|T=40,calibration_derived_partial_pressure,LOCAL_EQUILIBRIUM,4.2969585707536134e-14,1.5631940186722204e-13,2.7880147488699587e-10,0.47175975963136624,8.732075941177921e-11,sha256:f8addf9b50d6ea512435da5d916a903a56e0027567b9373b93c35185109753d9,,,,,,,,,,
M5_literature_R4,vle_obs_0151,Hilliard2008,0.4,313.15,40.0,0.201,6139.22,10.8,23172.066029414334,3.331541001875433,,0.029654205047448836,,,,-2.7836958326680508,2.151,-1545.3,0.0,0.0,validation,reserved_validation,vle|Hilliard2008|w=0.4|T=40,calibration_derived_partial_pressure,LOCAL_EQUILIBRIUM,1.2789769243681803e-13,1.7763568394002505e-13,3.093800768492597e-11,0.47249994077906865,9.829325130085135e-11,sha256:f8addf9b50d6ea512435da5d916a903a56e0027567b9373b93c35185109753d9,,,,,,,,,,
M5_literature_R4,vle_obs_0152,Hilliard2008,0.4,313.15,40.0,0.298,6175.53,29.5,143858.38230876927,3.6881131563613785,,0.04242521324731224,,,,-2.7836958326680508,2.151,-1545.3,0.0,0.0,validation,reserved_validation,vle|Hilliard2008|w=0.4|T=40,calibration_derived_partial_pressure,LOCAL_EQUILIBRIUM,7.105427357601002e-14,1.7053025658242404e-13,2.5718450039204158e-12,0.47314227717193635,1.0112840535977255e-10,sha256:f8addf9b50d6ea512435da5d916a903a56e0027567b9373b93c35185109753d9,,,,,,,,,,
M5_literature_R4,vle_obs_0153,Hilliard2008,0.4,313.15,40.0,0.373,6288.39,104.0,547692.48709275,3.721503444287408,,0.05033627022439339,,,,-2.7836958326680508,2.151,-1545.3,0.0,0.0,validation,reserved_validation,vle|Hilliard2008|w=0.4|T=40,calibration_derived_partial_pressure,LOCAL_EQUILIBRIUM,2.8421709430404007e-13,2.984279490192421e-13,4.0610874533993675e-12,0.47329841732273537,1.0844155462561277e-10,sha256:f8addf9b50d6ea512435da5d916a903a56e0027567b9373b93c35185109753d9,,,,,,,,,,
M5_literature_R4,vle_obs_0154,Hilliard2008,0.4,313.15,40.0,0.485,7911.98,1620.0,3138298.5391134797,3.287179240107453,,0.05533164210382888,,,,-2.7836958326680508,2.151,-1545.3,0.0,0.0,validation,reserved_validation,vle|Hilliard2008|w=0.4|T=40,calibration_derived_partial_pressure,LOCAL_EQUILIBRIUM,2.842170943040401e-14,2.8421709430404007e-13,1.3463360430770667e-11,0.47221767144384036,1.4256153831410464e-10,sha256:f8addf9b50d6ea512435da5d916a903a56e0027567b9373b93c35185109753d9,,,,,,,,,,
M5_literature_R4,vle_obs_0155,Hilliard2008,0.4,313.15,40.0,0.545,28890.95,22300.0,2211475.375747408,1.9963772449185697,,0.05339636366093443,,,,-2.7836958326680508,2.151,-1545.3,0.0,0.0,validation,reserved_validation,vle|Hilliard2008|w=0.4|T=40,calibration_derived_partial_pressure,LOCAL_EQUILIBRIUM,1.1368683772161603e-13,2.2737367544323206e-13,4.35762391330904e-12,0.47068568038905456,1.7364509758837292e-10,sha256:f8addf9b50d6ea512435da5d916a903a56e0027567b9373b93c35185109753d9,,,,,,,,,,
M5_literature_R4,vle_obs_0156,Hilliard2008,0.4,333.15,60.0,0.136,15451.59,15.5,8690.023764927651,2.748689265961094,,0.02012609284506822,,,,-2.4874511481314725,2.151,-1545.3,0.0,0.0,validation,reserved_validation,vle|Hilliard2008|w=0.4|T=60,calibration_derived_partial_pressure,LOCAL_EQUILIBRIUM,3.4809342861069267e-14,2.2737367544323206e-13,9.78138887656362e-12,0.46467368567566086,2.7099666621825793e-10,sha256:f8addf9b50d6ea512435da5d916a903a56e0027567b9373b93c35185109753d9,,,,,,,,,,
M5_literature_R4,vle_obs_0157,Hilliard2008,0.4,333.15,60.0,0.225,15601.48,73.1,55376.48991892457,2.879408047236925,,0.03243516400610085,,,,-2.4874511481314725,2.151,-1545.3,0.0,0.0,validation,reserved_validation,vle|Hilliard2008|w=0.4|T=60,calibration_derived_partial_pressure,LOCAL_EQUILIBRIUM,4.263256414560601e-14,3.339550858072471e-13,4.2441391629432766e-11,0.46537951811579825,3.0686317923437193e-10,sha256:f8addf9b50d6ea512435da5d916a903a56e0027567b9373b93c35185109753d9,,,,,,,,,,
M5_literature_R4,vle_obs_0158,Hilliard2008,0.4,333.15,60.0,0.291,15721.52,199.0,183393.12825384608,2.9645299822015745,,0.04061367673085039,,,,-2.4874511481314725,2.151,-1545.3,0.0,0.0,validation,reserved_validation,vle|Hilliard2008|w=0.4|T=60,calibration_derived_partial_pressure,LOCAL_EQUILIBRIUM,7.105427357601002e-14,1.2789769243681803e-13,3.7329412371146556e-11,0.4657435165726582,3.2212531338356053e-10,sha256:f8addf9b50d6ea512435da5d916a903a56e0027567b9373b93c35185109753d9,,,,,,,,,,
M5_literature_R4,vle_obs_0159,Hilliard2008,0.4,333.15,60.0,0.415,16361.3,847.0,1499888.8605230155,3.248175669358443,,0.05138749911659819,,,,-2.4874511481314725,2.151,-1545.3,0.0,0.0,validation,reserved_validation,vle|Hilliard2008|w=0.4|T=60,calibration_derived_partial_pressure,LOCAL_EQUILIBRIUM,9.947598300641403e-14,2.984279490192421e-13,6.40403495552005e-11,0.46554240024163634,3.8683658670241733e-10,sha256:f8addf9b50d6ea512435da5d916a903a56e0027567b9373b93c35185109753d9,,,,,,,,,,
M5_literature_R4,vle_obs_0160,Hilliard2008,0.4,333.15,60.0,0.464,22786.55,6980.0,2410510.2577927643,2.5382535613158876,,0.05285046739277306,,,,-2.4874511481314725,2.151,-1545.3,0.0,0.0,validation,reserved_validation,vle|Hilliard2008|w=0.4|T=60,calibration_derived_partial_pressure,LOCAL_EQUILIBRIUM,1.1368683772161603e-13,4.902744876744691e-13,5.665026167280051e-12,0.4648853653836807,4.3884130961860056e-10,sha256:f8addf9b50d6ea512435da5d916a903a56e0027567b9373b93c35185109753d9,,,,,,,,,,
M5_literature_R4,vle_obs_0161,Hilliard2008,0.4,333.15,60.0,0.502,42804.16,26500.0,2316933.2113244515,1.9416676409186369,,0.05259377884422545,,,,-2.4874511481314725,2.151,-1545.3,0.0,0.0,validation,reserved_validation,vle|Hilliard2008|w=0.4|T=60,calibration_derived_partial_pressure,LOCAL_EQUILIBRIUM,8.526512829121202e-14,1.7053025658242404e-13,4.533602937842633e-12,0.46407209603949334,4.910240704659399e-10,sha256:f8addf9b50d6ea512435da5d916a903a56e0027567b9373b93c35185109753d9,,,,,,,,,,
M5_literature_R4,vle_obs_0265,Xu2011,0.3,373.15,100.0,0.388,125000.0,34000.0,681383.7870393024,1.3019128786364256,,0.03345157836577427,,,,-1.9902300683371301,2.151,-1545.3,0.0,0.0,validation,reserved_validation,vle|Xu2011|w=0.3|T=100.0,total_pressure_derived,LOCAL_EQUILIBRIUM,4.6412457148092353e-14,2.3447910280083306e-13,4.356261342763901e-13,0.4554381780637615,4.2410035986203265e-09,sha256:f8addf9b50d6ea512435da5d916a903a56e0027567b9373b93c35185109753d9,,,,,,,,,,
M5_literature_R4,vle_obs_0266,Xu2011,0.3,373.15,100.0,0.424,191000.0,101000.0,779213.1820733522,0.8873349171788971,,0.03485266583044544,,,,-1.9902300683371301,2.151,-1545.3,0.0,0.0,validation,reserved_validation,vle|Xu2011|w=0.3|T=100.0,total_pressure_derived,LOCAL_EQUILIBRIUM,5.684341886080802e-14,1.4210854715202004e-13,3.2075163932682955e-13,0.4552773570267253,4.912394563129455e-09,sha256:f8addf9b50d6ea512435da5d916a903a56e0027567b9373b93c35185109753d9,,,,,,,,,,
M5_literature_R4,vle_obs_0267,Xu2011,0.3,373.15,100.0,0.425,176000.0,86000.0,858351.8682004495,0.9991669054764275,,0.03488209610013264,,,,-1.9902300683371301,2.151,-1545.3,0.0,0.0,validation,reserved_validation,vle|Xu2011|w=0.3|T=100.0,total_pressure_derived,LOCAL_EQUILIBRIUM,5.684341886080802e-14,1.4210854715202004e-13,5.134510998190804e-13,0.45526911165067924,4.933074640516324e-09,sha256:f8addf9b50d6ea512435da5d916a903a56e0027567b9373b93c35185109753d9,,,,,,,,,,
M5_literature_R4,vle_obs_0268,Xu2011,0.3,373.15,100.0,0.501,258000.0,167000.0,1816643.7730404506,1.0365533033975518,,0.03563723819508776,,,,-1.9902300683371301,2.151,-1545.3,0.0,0.0,validation,reserved_validation,vle|Xu2011|w=0.3|T=100.0,total_pressure_derived,LOCAL_EQUILIBRIUM,5.684341886080802e-14,1.7053025658242404e-13,1.940255363782247e-14,0.4544067753728906,6.972822902359174e-09,sha256:f8addf9b50d6ea512435da5d916a903a56e0027567b9373b93c35185109753d9,,,,,,,,,,
M5_literature_R4,vle_obs_0269,Xu2011,0.3,373.15,100.0,0.52,324000.0,233000.0,1891407.9060131481,0.9094292790124691,,0.03534357489123377,,,,-1.9902300683371301,2.151,-1545.3,0.0,0.0,validation,reserved_validation,vle|Xu2011|w=0.3|T=100.0,total_pressure_derived,LOCAL_EQUILIBRIUM,8.526512829121202e-14,2.8421709430404007e-13,2.5438903658478346e-13,0.454078588035697,7.638650605146575e-09,sha256:f8addf9b50d6ea512435da5d916a903a56e0027567b9373b93c35185109753d9,,,,,,,,,,
M5_literature_R4,vle_obs_0270,Xu2011,0.3,373.15,100.0,0.315,146000.0,16000.0,185983.66376157777,1.0653548161330517,,0.02907585787256937,,,,-1.9902300683371301,2.151,-1545.3,0.0,0.0,validation,reserved_validation,vle|Xu2011|nominal_T=100,total_pressure_derived,LOCAL_EQUILIBRIUM,8.526512829121202e-14,1.4210854715202004e-13,1.017836700767687e-12,0.4554323876131329,3.2627462775016417e-09,sha256:f8addf9b50d6ea512435da5d916a903a56e0027567b9373b93c35185109753d9,,,,,,,,,,
M5_literature_R4,vle_obs_0271,Xu2011,0.3,373.15,100.0,0.475,189000.0,95000.0,1697993.6306135494,1.2522124515292294,,0.03572725094435894,,,,-1.9902300683371301,2.151,-1545.3,0.0,0.0,validation,reserved_validation,vle|Xu2011|nominal_T=100,total_pressure_derived,LOCAL_EQUILIBRIUM,1.5631940186722204e-13,2.1316282072803006e-13,8.304600934029887e-13,0.4547812840430137,6.167156347780849e-09,sha256:f8addf9b50d6ea512435da5d916a903a56e0027567b9373b93c35185109753d9,,,,,,,,,,
M5_literature_R4,vle_obs_0272,Xu2011,0.3,373.15,100.0,0.315,143000.0,12000.0,189876.38177338446,1.1992897012939097,,0.029075784405249203,,,,-1.9902300683371301,2.151,-1545.3,0.0,0.0,validation,reserved_validation,vle|Xu2011|nominal_T=100,total_pressure_derived,LOCAL_EQUILIBRIUM,1.5631940186722204e-13,1.7053025658242404e-13,1.666855744340203e-12,0.4554320917236395,3.2627408441324503e-09,sha256:f8addf9b50d6ea512435da5d916a903a56e0027567b9373b93c35185109753d9,,,,,,,,,,
M5_literature_R4,vle_obs_0279,Xu2011,0.3,393.15,120.0,0.37,241000.0,63000.0,807343.4880673595,1.1077177972067258,,0.03153161136527892,,,,-1.7795608546356356,2.151,-1545.3,0.0,0.0,validation,reserved_validation,vle|Xu2011|w=0.3|T=120.0,total_pressure_derived,LOCAL_EQUILIBRIUM,5.684341886080802e-14,1.2789769243681803e-13,8.46909390012753e-13,0.4479923248381193,8.906555388382371e-09,sha256:f8addf9b50d6ea512435da5d916a903a56e0027567b9373b93c35185109753d9,,,,,,,,,,
M5_literature_R4,vle_obs_0280,Xu2011,0.3,393.15,120.0,0.385,287000.0,108000.0,849651.2712382368,0.8958169560470546,,0.032234962144455835,,,,-1.7795608546356356,2.151,-1545.3,0.0,0.0,validation,reserved_validation,vle|Xu2011|w=0.3|T=120.0,total_pressure_derived,LOCAL_EQUILIBRIUM,1.5631940186722204e-13,2.5579538487363607e-13,1.3929275789327323e-12,0.447947360876506,9.435496208113805e-09,sha256:f8addf9b50d6ea512435da5d916a903a56e0027567b9373b93c35185109753d9,,,,,,,,,,
M5_literature_R4,vle_obs_0281,Xu2011,0.3,393.15,120.0,0.387,241000.0,62000.0,1041303.1171735554,1.2251854789689254,,0.03231939399281982,,,,-1.7795608546356356,2.151,-1545.3,0.0,0.0,validation,reserved_validation,vle|Xu2011|w=0.3|T=120.0,total_pressure_derived,LOCAL_EQUILIBRIUM,5.684341886080802e-14,2.8421709430404007e-13,1.8176006315531078e-12,0.4479339067133088,9.508130306301277e-09,sha256:f8addf9b50d6ea512435da5d916a903a56e0027567b9373b93c35185109753d9,,,,,,,,,,
M5_literature_R4,vle_obs_0282,Xu2011,0.3,393.15,120.0,0.422,415000.0,237000.0,1018545.1006222081,0.6332319180749246,,0.03357201514499658,,,,-1.7795608546356356,2.151,-1545.3,0.0,0.0,validation,reserved_validation,vle|Xu2011|w=0.3|T=120.0,total_pressure_derived,LOCAL_EQUILIBRIUM,7.105427357601002e-14,3.410605131648481e-13,2.7126172579914693e-13,0.44774159630665683,1.095640139534439e-08,sha256:f8addf9b50d6ea512435da5d916a903a56e0027567b9373b93c35185109753d9,,,,,,,,,,
M5_literature_R4,vle_obs_0283,Xu2011,0.3,393.15,120.0,0.423,370000.0,192000.0,1158131.0441966653,0.7804564745147687,,0.03359813667142163,,,,-1.7795608546356356,2.151,-1545.3,0.0,0.0,validation,reserved_validation,vle|Xu2011|w=0.3|T=120.0,total_pressure_derived,LOCAL_EQUILIBRIUM,4.2969585707536134e-14,1.2789769243681803e-13,8.117608927391671e-14,0.4477287768717831,1.1000995232813266e-08,sha256:f8addf9b50d6ea512435da5d916a903a56e0027567b9373b93c35185109753d9,,,,,,,,,,
M5_literature_R4,vle_obs_0284,Xu2011,0.3,393.15,120.0,0.492,565000.0,387000.0,2025039.2712907721,0.7187224848228886,,0.03433171556423678,,,,-1.7795608546356356,2.151,-1545.3,0.0,0.0,validation,reserved_validation,vle|Xu2011|w=0.3|T=120.0,total_pressure_derived,LOCAL_EQUILIBRIUM,5.684341886080802e-14,2.2737367544323206e-13,7.739043341273755e-13,0.4469032339410024,1.4893988561767119e-08,sha256:f8addf9b50d6ea512435da5d916a903a56e0027567b9373b93c35185109753d9,,,,,,,,,,
M5_literature_R4,vle_obs_0285,Xu2011,0.3,393.15,120.0,0.508,691000.0,512000.0,2059303.273949803,0.6044503489758267,,0.034166077314804,,,,-1.7795608546356356,2.151,-1545.3,0.0,0.0,validation,reserved_validation,vle|Xu2011|w=0.3|T=120.0,total_pressure_derived,LOCAL_EQUILIBRIUM,5.684341886080802e-14,1.6342482922482304e-13,2.537213815793977e-13,0.4466339243225006,1.6029121435433645e-08,sha256:f8addf9b50d6ea512435da5d916a903a56e0027567b9373b93c35185109753d9,,,,,,,,,,
M5_literature_R4,vle_obs_0286,Xu2011,0.3,393.15,120.0,0.314,189000.0,50000.0,438599.95440401847,0.9430985778570945,,0.028229928279259443,,,,-1.7795608546356356,2.151,-1545.3,0.0,0.0,validation,reserved_validation,vle|Xu2011|nominal_T=120,total_pressure_derived,LOCAL_EQUILIBRIUM,2.842170943040401e-14,1.1013412404281553e-13,3.646756152785014e-12,0.44801219010382626,7.27189815746245e-09,sha256:f8addf9b50d6ea512435da5d916a903a56e0027567b9373b93c35185109753d9,,,,,,,,,,
M5_literature_R4,vle_obs_0287,Xu2011,0.3,393.15,120.0,0.467,467000.0,283000.0,1729624.9998021645,0.7861655183731406,,0.034337971639262256,,,,-1.7795608546356356,2.151,-1545.3,0.0,0.0,validation,reserved_validation,vle|Xu2011|nominal_T=120,total_pressure_derived,LOCAL_EQUILIBRIUM,5.684341886080802e-14,1.1368683772161603e-13,5.970336097976636e-14,0.44726851575340704,1.3306001849869626e-08,sha256:f8addf9b50d6ea512435da5d916a903a56e0027567b9373b93c35185109753d9,,,,,,,,,,
M5_literature_R4,vle_obs_0288,Xu2011,0.3,393.15,120.0,0.314,184000.0,45000.0,450473.38201001455,1.0004566203017833,,0.028229696321088002,,,,-1.7795608546356356,2.151,-1545.3,0.0,0.0,validation,reserved_validation,vle|Xu2011|nominal_T=120,total_pressure_derived,LOCAL_EQUILIBRIUM,5.684341886080802e-14,1.7053025658242404e-13,2.702701907685917e-12,0.4480116362762488,7.271843884556399e-09,sha256:f8addf9b50d6ea512435da5d916a903a56e0027567b9373b93c35185109753d9,,,,,,,,,,
M5_fitted_R4,vle_obs_0107,Hilliard2008,0.17,313.15,40.0,0.121,6889.46,5.55,7.758176037800694,0.14546664666289624,,0.006889821168156489,,,,-8.17672936726376,32032.62180599853,-987556.1401891113,-5435.370627375245,7.498546416837179,validation,reserved_validation,vle|Hilliard2008|w=0.17|T=40,calibration_derived_partial_pressure,LOCAL_EQUILIBRIUM,4.263256414560601e-14,2.8421709430404007e-13,3.7689431081894554e-11,0.48000955454588107,8.929313222994287e-11,sha256:f8addf9b50d6ea512435da5d916a903a56e0027567b9373b93c35185109753d9,,,,,,,,,,
M5_fitted_R4,vle_obs_0108,Hilliard2008,0.17,313.15,40.0,0.212,6988.41,14.0,42.365194592033866,0.48088116987293583,,0.012071281595474867,,,,-8.17672936726376,32032.62180599853,-987556.1401891113,-5435.370627375245,7.498546416837179,validation,reserved_validation,vle|Hilliard2008|w=0.17|T=40,calibration_derived_partial_pressure,LOCAL_EQUILIBRIUM,4.6412457148092353e-14,1.7053025658242404e-13,7.239415979911281e-11,0.48053315554550835,1.5799295486720432e-10,sha256:f8addf9b50d6ea512435da5d916a903a56e0027567b9373b93c35185109753d9,,,,,,,,,,
M5_fitted_R4,vle_obs_0109,Hilliard2008,0.17,313.15,40.0,0.3,7019.01,36.2,188.19156504544344,0.715891583434197,,0.017080112903849327,,,,-8.17672936726376,32032.62180599853,-987556.1401891113,-5435.370627375245,7.498546416837179,validation,reserved_validation,vle|Hilliard2008|w=0.17|T=40,calibration_derived_partial_pressure,LOCAL_EQUILIBRIUM,7.105427357601002e-14,9.947598300641403e-14,1.1171647383713166e-10,0.48105271877967776,2.499149324933597e-10,sha256:f8addf9b50d6ea512435da5d916a903a56e0027567b9373b93c35185109753d9,,,,,,,,,,
M5_fitted_R4,vle_obs_0111,Hilliard2008,0.17,313.15,40.0,0.467,7938.68,879.0,16743.940318329755,1.279868792271535,,0.0265277207252829,,,,-8.17672936726376,32032.62180599853,-987556.1401891113,-5435.370627375245,7.498546416837179,validation,reserved_validation,vle|Hilliard2008|w=0.17|T=40,calibration_derived_partial_pressure,LOCAL_EQUILIBRIUM,1.2789769243681803e-13,3.126388037344441e-13,2.679873039384741e-10,0.4820647963471243,1.4433600575516204e-09,sha256:f8addf9b50d6ea512435da5d916a903a56e0027567b9373b93c35185109753d9,,,,,,,,,,
M5_fitted_R4,vle_obs_0112,Hilliard2008,0.17,313.15,40.0,0.552,15688.98,8560.0,43434347.9021241,3.7053595409776525,,0.025990886878336707,,,,-8.17672936726376,32032.62180599853,-987556.1401891113,-5435.370627375245,7.498546416837179,validation,reserved_validation,vle|Hilliard2008|w=0.17|T=40,calibration_derived_partial_pressure,LOCAL_EQUILIBRIUM,4.263256414560601e-14,2.984279490192421e-13,1.4574542191496134e-11,0.4815179252199765,2.421544176445717e-08,sha256:f8addf9b50d6ea512435da5d916a903a56e0027567b9373b93c35185109753d9,,,,,,,,,,
M5_fitted_R4,vle_obs_0113,Hilliard2008,0.17,333.15,60.0,0.159,17602.2,21.2,327.7352256215916,1.1891872617807655,,0.009006427111705805,,,,-5.391143660429407,32032.62180599853,-987556.1401891113,-5435.370627375245,7.498546416837179,validation,reserved_validation,vle|Hilliard2008|w=0.17|T=60,calibration_derived_partial_pressure,LOCAL_EQUILIBRIUM,2.842170943040401e-14,3.197442310920451e-13,7.365779658562086e-12,0.47341557632010023,3.633647512093924e-10,sha256:f8addf9b50d6ea512435da5d916a903a56e0027567b9373b93c35185109753d9,,,,,,,,,,
M5_fitted_R4,vle_obs_0114,Hilliard2008,0.17,333.15,60.0,0.219,17717.26,78.0,942.9580299361584,1.0823977604893018,,0.012396187112625419,,,,-5.391143660429407,32032.62180599853,-987556.1401891113,-5435.370627375245,7.498546416837179,validation,reserved_validation,vle|Hilliard2008|w=0.17|T=60,calibration_derived_partial_pressure,LOCAL_EQUILIBRIUM,3.2227189280652104e-14,1.7763568394002505e-13,3.8603035443022344e-11,0.4737772902481016,5.158505111460202e-10,sha256:f8addf9b50d6ea512435da5d916a903a56e0027567b9373b93c35185109753d9,,,,,,,,,,
M5_fitted_R4,vle_obs_0115,Hilliard2008,0.17,333.15,60.0,0.307,17891.2,244.0,4154.704863795277,1.231150352063564,,0.017339618222763198,,,,-5.391143660429407,32032.62180599853,-987556.1401891113,-5435.370627375245,7.498546416837179,validation,reserved_validation,vle|Hilliard2008|w=0.17|T=60,calibration_derived_partial_pressure,LOCAL_EQUILIBRIUM,2.842170943040401e-14,2.8421709430404007e-13,6.570635607377899e-11,0.4743133048872566,8.289652096651168e-10,sha256:f8addf9b50d6ea512435da5d916a903a56e0027567b9373b93c35185109753d9,,,,,,,,,,
M5_fitted_R4,vle_obs_0116,Hilliard2008,0.17,333.15,60.0,0.38,18419.08,794.0,16663.191206216794,1.3219376753478391,,0.02136995915196037,,,,-5.391143660429407,32032.62180599853,-987556.1401891113,-5435.370627375245,7.498546416837179,validation,reserved_validation,vle|Hilliard2008|w=0.17|T=60,calibration_derived_partial_pressure,LOCAL_EQUILIBRIUM,8.526512829121202e-14,1.4210854715202004e-13,1.2708754376170361e-10,0.474753694748089,1.3451412239341101e-09,sha256:f8addf9b50d6ea512435da5d916a903a56e0027567b9373b93c35185109753d9,,,,,,,,,,
M5_fitted_R4,vle_obs_0117,Hilliard2008,0.17,333.15,60.0,0.477,22023.23,4320.0,317715.43557596265,1.8665545678631095,,0.025988070119896796,,,,-5.391143660429407,32032.62180599853,-987556.1401891113,-5435.370627375245,7.498546416837179,validation,reserved_validation,vle|Hilliard2008|w=0.17|T=60,calibration_derived_partial_pressure,LOCAL_EQUILIBRIUM,7.105427357601002e-14,3.552713678800501e-13,2.286205369972947e-13,0.47520070568376144,4.894302728415203e-09,sha256:f8addf9b50d6ea512435da5d916a903a56e0027567b9373b93c35185109753d9,,,,,,,,,,
M5_fitted_R4,vle_obs_0118,Hilliard2008,0.17,333.15,60.0,0.504,32812.19,14800.0,917747.5988402573,1.792461541511069,,0.026329158119069433,,,,-5.391143660429407,32032.62180599853,-987556.1401891113,-5435.370627375245,7.498546416837179,validation,reserved_validation,vle|Hilliard2008|w=0.17|T=60,calibration_derived_partial_pressure,LOCAL_EQUILIBRIUM,5.684341886080802e-14,1.7763568394002505e-13,2.3713470733309037e-12,0.4751320208876573,9.742101064397105e-09,sha256:f8addf9b50d6ea512435da5d916a903a56e0027567b9373b93c35185109753d9,,,,,,,,,,
M5_fitted_R4,vle_obs_0119,Hilliard2008,0.3,313.15,40.0,0.153,6612.28,5.7,25.146115830403154,0.644596056037682,0.017795,0.017162334981984426,-0.01572161787119988,cheq_canon_00166,cheq_canon_00170,-8.17672936726376,32032.62180599853,-987556.1401891113,-5435.370627375245,7.498546416837179,training,active_training,vle|Hilliard2008|w=0.3|T=40,calibration_derived_partial_pressure,LOCAL_EQUILIBRIUM,4.263256414560601e-14,1.9895196601282805e-13,2.2704493976699976e-11,0.4761500622693019,9.438187827154376e-11,sha256:f8addf9b50d6ea512435da5d916a903a56e0027567b9373b93c35185109753d9,,,,,,,,,,
M5_fitted_R4,vle_obs_0120,Hilliard2008,0.3,313.15,40.0,0.163,6703.0,6.64,30.561885769528438,0.6630120687696975,0.0190075,0.0182839971081214,-0.016853855231446325,cheq_canon_00166,cheq_canon_00170,-8.17672936726376,32032.62180599853,-987556.1401891113,-5435.370627375245,7.498546416837179,training,active_training,vle|Hilliard2008|w=0.3|T=40,calibration_derived_partial_pressure,LOCAL_EQUILIBRIUM,3.2227189280652104e-14,3.410605131648481e-13,1.0915998829072685e-10,0.47624658913200746,9.796913485972385e-11,sha256:f8addf9b50d6ea512435da5d916a903a56e0027567b9373b93c35185109753d9,,,,,,,,,,
M5_fitted_R4,vle_obs_0121,Hilliard2008,0.3,313.15,40.0,0.17,6663.57,7.21,35.46261899998495,0.6918355414253354,0.019856250000000002,0.019069144519336303,-0.017566022023240285,cheq_canon_00166,cheq_canon_00170,-8.17672936726376,32032.62180599853,-987556.1401891113,-5435.370627375245,7.498546416837179,training,active_training,vle|Hilliard2008|w=0.3|T=40,calibration_derived_partial_pressure,LOCAL_EQUILIBRIUM,4.6412457148092353e-14,2.8421709430404007e-13,2.0186775922238299e-10,0.4763144265791393,1.0039481159167047e-10,sha256:f8addf9b50d6ea512435da5d916a903a56e0027567b9373b93c35185109753d9,,,,,,,,,,
M5_fitted_R4,vle_obs_0122,Hilliard2008,0.3,313.15,40.0,0.191,6626.18,9.950000000000001,54.04062643733596,0.7348972939621767,0.022402500000000002,0.021424495719712916,-0.01938587751137102,cheq_canon_00166,cheq_canon_00170,-8.17672936726376,32032.62180599853,-987556.1401891113,-5435.370627375245,7.498546416837179,training,active_training,vle|Hilliard2008|w=0.3|T=40,calibration_derived_partial_pressure,LOCAL_EQUILIBRIUM,1.1368683772161603e-13,1.7053025658242404e-13,1.0703127700011156e-10,0.4765193150703845,1.073474506920253e-10,sha256:f8addf9b50d6ea512435da5d916a903a56e0027567b9373b93c35185109753d9,,,,,,,,,,
M5_fitted_R4,vle_obs_0123,Hilliard2008,0.3,313.15,40.0,0.194,6726.3,9.85,56.419897238693366,0.7579960603130674,0.022766250000000002,0.021760962049172,-0.019613409050129194,cheq_canon_00166,cheq_canon_00170,-8.17672936726376,32032.62180599853,-987556.1401891113,-5435.370627375245,7.498546416837179,training,active_training,vle|Hilliard2008|w=0.3|T=40,calibration_derived_partial_pressure,LOCAL_EQUILIBRIUM,7.105427357601002e-14,2.7000623958883807e-13,3.0293368343740996e-11,0.4765487613114694,1.0831069912313526e-10,sha256:f8addf9b50d6ea512435da5d916a903a56e0027567b9373b93c35185109753d9,,,,,,,,,,
M5_fitted_R4,vle_obs_0124,Hilliard2008,0.3,313.15,40.0,0.232,6650.23,14.6,116.97715537871673,0.9037482003064035,0.026712903225806453,0.026022532144843114,-0.011371537128559577,cheq_canon_00170,cheq_canon_00174,-8.17672936726376,32032.62180599853,-987556.1401891113,-5435.370627375245,7.498546416837179,training,active_training,vle|Hilliard2008|w=0.3|T=40,calibration_derived_partial_pressure,LOCAL_EQUILIBRIUM,2.842170943040401e-14,1.5631940186722204e-13,1.4507511540107705e-11,0.4769252819950871,1.202963069087377e-10,sha256:f8addf9b50d6ea512435da5d916a903a56e0027567b9373b93c35185109753d9,,,,,,,,,,
M5_fitted_R4,vle_obs_0125,Hilliard2008,0.3,313.15,40.0,0.246,6674.63,19.099999999999998,151.1126306363472,0.8982673987882863,0.02837272727272727,0.027592391525585503,-0.012111739629836282,cheq_canon_00174,cheq_canon_00178,-8.17672936726376,32032.62180599853,-987556.1401891113,-5435.370627375245,7.498546416837179,training,active_training,vle|Hilliard2008|w=0.3|T=40,calibration_derived_partial_pressure,LOCAL_EQUILIBRIUM,8.526512829121202e-14,3.126388037344441e-13,4.775404834255062e-11,0.4770657156073772,1.248039378663795e-10,sha256:f8addf9b50d6ea512435da5d916a903a56e0027567b9373b93c35185109753d9,,,,,,,,,,
M5_fitted_R4,vle_obs_0127,Hilliard2008,0.3,313.15,40.0,0.272,6677.51,22.4,244.68398530796273,1.038357527151736,0.03168181818181818,0.030507473194753162,-0.016403858922805097,cheq_canon_00174,cheq_canon_00178,-8.17672936726376,32032.62180599853,-987556.1401891113,-5435.370627375245,7.498546416837179,training,active_training,vle|Hilliard2008|w=0.3|T=40,calibration_derived_partial_pressure,LOCAL_EQUILIBRIUM,4.6412457148092353e-14,4.547473508864641e-13,6.286965499065732e-11,0.47732898077673547,1.337524651038443e-10,sha256:f8addf9b50d6ea512435da5d916a903a56e0027567b9373b93c35185109753d9,,,,,,,,,,
M5_fitted_R4,vle_obs_0128,Hilliard2008,0.3,313.15,40.0,0.326,6653.08,48.5,693.3640786757181,1.1552195996742443,0.03773809523809524,0.036559496144106626,-0.013779774415247768,cheq_canon_00178,cheq_canon_00182,-8.17672936726376,32032.62180599853,-987556.1401891113,-5435.370627375245,7.498546416837179,training,active_training,vle|Hilliard2008|w=0.3|T=40,calibration_derived_partial_pressure,LOCAL_EQUILIBRIUM,4.263256414560601e-14,3.410605131648481e-13,5.541412267702744e-11,0.4778860677534343,1.5794858899884408e-10,sha256:f8addf9b50d6ea512435da5d916a903a56e0027567b9373b93c35185109753d9,,,,,,,,,,
M5_fitted_R4,vle_obs_0129,Hilliard2008,0.3,313.15,40.0,0.348,6670.43,66.19999999999999,1090.4520434792723,1.2167485812450394,0.04023636363636363,0.039023600707489337,-0.013291385175464515,cheq_canon_00182,cheq_canon_00186,-8.17672936726376,32032.62180599853,-987556.1401891113,-5435.370627375245,7.498546416837179,training,active_training,vle|Hilliard2008|w=0.3|T=40,calibration_derived_partial_pressure,LOCAL_EQUILIBRIUM,5.684341886080802e-14,1.7053025658242404e-13,5.5061513860585736e-11,0.47811701774034826,1.7212288962156642e-10,sha256:f8addf9b50d6ea512435da5d916a903a56e0027567b9373b93c35185109753d9,,,,,,,,,,
M5_fitted_R4,vle_obs_0130,Hilliard2008,0.3,313.15,40.0,0.35,6826.33,72.1,1112.2304123246158,1.1882595013354118,0.04049090909090909,0.03924754384185043,-0.013545044275284681,cheq_canon_00182,cheq_canon_00186,-8.17672936726376,32032.62180599853,-987556.1401891113,-5435.370627375245,7.498546416837179,training,active_training,vle|Hilliard2008|w=0.3|T=40,calibration_derived_partial_pressure,LOCAL_EQUILIBRIUM,2.5579538487363607e-13,1.7763568394002505e-13,1.3878769798634697e-10,0.4781381381562904,1.7361124511447525e-10,sha256:f8addf9b50d6ea512435da5d916a903a56e0027567b9373b93c35185109753d9,,,,,,,,,,
M5_fitted_R4,vle_obs_0131,Hilliard2008,0.3,313.15,40.0,0.36,6850.15,96.60000000000001,1379.5534583027604,1.1547614078278134,0.04146415094339623,0.04036705008540099,-0.011645763305343358,cheq_canon_00186,cheq_canon_00190,-8.17672936726376,32032.62180599853,-987556.1401891113,-5435.370627375245,7.498546416837179,training,active_training,vle|Hilliard2008|w=0.3|T=40,calibration_derived_partial_pressure,LOCAL_EQUILIBRIUM,8.526512829121202e-14,2.8421709430404007e-13,6.109604661861689e-10,0.4782439587453562,1.8168386551667546e-10,sha256:f8addf9b50d6ea512435da5d916a903a56e0027567b9373b93c35185109753d9,,,,,,,,,,
M5_fitted_R4,vle_obs_0132,Hilliard2008,0.3,313.15,40.0,0.382,6854.32,131.0,2305.2613498694227,1.2454488732768128,0.04316603773584906,0.04282839919733081,-0.0034103440381567894,cheq_canon_00186,cheq_canon_00190,-8.17672936726376,32032.62180599853,-987556.1401891113,-5435.370627375245,7.498546416837179,training,active_training,vle|Hilliard2008|w=0.3|T=40,calibration_derived_partial_pressure,LOCAL_EQUILIBRIUM,5.684341886080802e-14,2.1316282072803006e-13,1.760903349692503e-10,0.47847834261701,2.042675893129303e-10,sha256:f8addf9b50d6ea512435da5d916a903a56e0027567b9373b93c35185109753d9,,,,,,,,,,
M5_fitted_R4,vle_obs_0133,Hilliard2008,0.3,313.15,40.0,0.386,6783.62,120.0,2572.8086290838287,1.3312262376272335,0.04347547169811321,0.0432756131792681,-0.0020010725071637737,cheq_canon_00186,cheq_canon_00190,-8.17672936726376,32032.62180599853,-987556.1401891113,-5435.370627375245,7.498546416837179,training,active_training,vle|Hilliard2008|w=0.3|T=40,calibration_derived_partial_pressure,LOCAL_EQUILIBRIUM,7.105427357601002e-14,4.334310688136611e-13,8.467301528023228e-11,0.478521175273027,2.0931906201559217e-10,sha256:f8addf9b50d6ea512435da5d916a903a56e0027567b9373b93c35185109753d9,,,,,,,,,,
M5_fitted_R4,vle_obs_0135,Hilliard2008,0.3,313.15,40.0,0.4,6841.5,128.0,3681.074545899488,1.4587646428395427,0.04455849056603774,0.04483983649381717,0.0027335497509281058,cheq_canon_00186,cheq_canon_00190,-8.17672936726376,32032.62180599853,-987556.1401891113,-5435.370627375245,7.498546416837179,training,active_training,vle|Hilliard2008|w=0.3|T=40,calibration_derived_partial_pressure,LOCAL_EQUILIBRIUM,6.961868572213853e-14,1.2079226507921703e-13,9.111564256305854e-13,0.47867160620903293,2.3022277375740506e-10,sha256:f8addf9b50d6ea512435da5d916a903a56e0027567b9373b93c35185109753d9,,,,,,,,,,
M5_fitted_R4,vle_obs_0136,Hilliard2008,0.3,313.15,40.0,0.464,7422.66,750.0,39892.976094091275,1.725835173345031,0.04986666666666667,0.051925350925510934,0.01756910148738809,cheq_canon_00190,cheq_canon_00194,-8.17672936726376,32032.62180599853,-987556.1401891113,-5435.370627375245,7.498546416837179,training,active_training,vle|Hilliard2008|w=0.3|T=40,calibration_derived_partial_pressure,LOCAL_EQUILIBRIUM,4.6412457148092353e-14,2.8421709430404007e-13,3.327410675060644e-12,0.47936071637763844,5.31945579021272e-10,sha256:f8addf9b50d6ea512435da5d916a903a56e0027567b9373b93c35185109753d9,,,,,,,,,,
M5_fitted_R4,vle_obs_0137,Hilliard2008,0.3,313.15,40.0,0.466,7326.7,574.0,45723.06905226862,1.9012234812878905,0.0502,0.05214116855541009,0.016477042933924872,cheq_canon_00190,cheq_canon_00194,-8.17672936726376,32032.62180599853,-987556.1401891113,-5435.370627375245,7.498546416837179,training,active_training,vle|Hilliard2008|w=0.3|T=40,calibration_derived_partial_pressure,LOCAL_EQUILIBRIUM,5.684341886080802e-14,2.1316282072803006e-13,3.452894580858424e-11,0.4793815310032529,5.59040905359817e-10,sha256:f8addf9b50d6ea512435da5d916a903a56e0027567b9373b93c35185109753d9,,,,,,,,,,
M5_fitted_R4,vle_obs_0139,Hilliard2008,0.3,313.15,40.0,0.491,7781.93,1100.0,483011.98825911956,2.6425652248275964,0.05056666666666667,0.054606671344264106,0.03338137801146103,cheq_canon_00198,cheq_canon_00202,-8.17672936726376,32032.62180599853,-987556.1401891113,-5435.370627375245,7.498546416837179,training,active_training,vle|Hilliard2008|w=0.3|T=40,calibration_derived_partial_pressure,LOCAL_EQUILIBRIUM,1.9895196601282805e-13,2.8421709430404007e-13,8.023119725465107e-11,0.47959830206808873,1.6226565267010144e-09,sha256:f8addf9b50d6ea512435da5d916a903a56e0027567b9373b93c35185109753d9,,,,,,,,,,
M5_fitted_R4,vle_obs_0140,Hilliard2008,0.3,313.15,40.0,0.501,8671.99,1870.0,2679588.1399050476,3.156226440360892,0.04923333333333334,0.05499238897737116,0.0480433461045659,cheq_canon_00198,cheq_canon_00202,-8.17672936726376,32032.62180599853,-987556.1401891113,-5435.370627375245,7.498546416837179,training,active_training,vle|Hilliard2008|w=0.3|T=40,calibration_derived_partial_pressure,LOCAL_EQUILIBRIUM,8.526512829121202e-14,2.7711166694643907e-13,1.4961163145565818e-11,0.4795675615852252,3.872907231141396e-09,sha256:f8addf9b50d6ea512435da5d916a903a56e0027567b9373b93c35185109753d9,,,,,,,,,,
M5_fitted_R4,vle_obs_0141,Hilliard2008,0.3,313.15,40.0,0.518,9831.72,3030.0,23290401.519387525,3.885734347200742,0.04742258064516129,0.05407799946952784,0.05703543343859543,cheq_canon_00202,cheq_canon_00206,-8.17672936726376,32032.62180599853,-987556.1401891113,-5435.370627375245,7.498546416837179,training,active_training,vle|Hilliard2008|w=0.3|T=40,calibration_derived_partial_pressure,LOCAL_EQUILIBRIUM,5.684341886080802e-14,1.4210854715202004e-13,1.2909401683822907e-10,0.4791982464362608,1.1890428855014458e-08,sha256:f8addf9b50d6ea512435da5d916a903a56e0027567b9373b93c35185109753d9,,,,,,,,,,
M5_fitted_R4,vle_obs_0142,Hilliard2008,0.3,313.15,40.0,0.591,35021.46,28300.0,129582522.50371237,3.660759994312367,0.04101741935483871,0.04800799290010513,0.06834521663811079,cheq_canon_00202,cheq_canon_00206,-8.17672936726376,32032.62180599853,-987556.1401891113,-5435.370627375245,7.498546416837179,training,active_training,vle|Hilliard2008|w=0.3|T=40,calibration_derived_partial_pressure,LOCAL_EQUILIBRIUM,5.684341886080802e-14,2.2737367544323206e-13,1.1118953223351704e-11,0.4771399847015425,3.866702499617295e-09,sha256:f8addf9b50d6ea512435da5d916a903a56e0027567b9373b93c35185109753d9,,,,,,,,,,
M5_fitted_R4,vle_obs_0143,Hilliard2008,0.3,333.15,60.0,0.114,16640.9,19.400000000000002,201.15054642971114,1.0157194867487964,,0.01272862697107002,,,,-5.391143660429407,32032.62180599853,-987556.1401891113,-5435.370627375245,7.498546416837179,validation,reserved_validation,vle|Hilliard2008|w=0.3|T=60,calibration_derived_partial_pressure,LOCAL_EQUILIBRIUM,5.684341886080802e-14,1.4210854715202004e-13,7.190084970550831e-11,0.46873845820290194,2.35408656987349e-10,sha256:f8addf9b50d6ea512435da5d916a903a56e0027567b9373b93c35185109753d9,,,,,,,,,,
M5_fitted_R4,vle_obs_0144,Hilliard2008,0.3,333.15,60.0,0.191,16777.5,58.9,1039.8866899532527,1.2468707246953321,0.021699999999999997,0.02131027291398723,-0.007870722225377262,cheq_canon_00218,cheq_canon_00222,-5.391143660429407,32032.62180599853,-987556.1401891113,-5435.370627375245,7.498546416837179,validation,reserved_validation,vle|Hilliard2008|w=0.3|T=60,calibration_derived_partial_pressure,LOCAL_EQUILIBRIUM,1.4210854715202004e-13,2.2737367544323206e-13,6.737768766071274e-12,0.4695120545525468,3.308370448251878e-10,sha256:f8addf9b50d6ea512435da5d916a903a56e0027567b9373b93c35185109753d9,,,,,,,,,,
M5_fitted_R4,vle_obs_0145,Hilliard2008,0.3,333.15,60.0,0.291,16823.1,209.0,6682.413426515028,1.5047870548857434,0.03136666666666667,0.03239644808899647,0.014029028538860629,cheq_canon_00226,cheq_canon_00230,-5.391143660429407,32032.62180599853,-987556.1401891113,-5435.370627375245,7.498546416837179,validation,reserved_validation,vle|Hilliard2008|w=0.3|T=60,calibration_derived_partial_pressure,LOCAL_EQUILIBRIUM,7.519677498818823e-14,4.121147867408581e-13,1.1169694131515665e-11,0.4705474922866359,4.501429067547087e-10,sha256:f8addf9b50d6ea512435da5d916a903a56e0027567b9373b93c35185109753d9,,,,,,,,,,
M5_fitted_R4,vle_obs_0146,Hilliard2008,0.3,333.15,60.0,0.386,17473.0,763.0,46256.68441658768,1.782649962265605,0.03928333333333334,0.04272720178381711,0.036496119542885286,cheq_canon_00226,cheq_canon_00230,-5.391143660429407,32032.62180599853,-987556.1401891113,-5435.370627375245,7.498546416837179,validation,reserved_validation,vle|Hilliard2008|w=0.3|T=60,calibration_derived_partial_pressure,LOCAL_EQUILIBRIUM,9.947598300641403e-14,3.410605131648481e-13,2.6429635996807765e-12,0.4715365205871157,6.829614563798955e-10,sha256:f8addf9b50d6ea512435da5d916a903a56e0027567b9373b93c35185109753d9,,,,,,,,,,
M5_fitted_R4,vle_obs_0147,Hilliard2008,0.3,333.15,60.0,0.485,21664.94,4860.0,1249443.9161156013,2.4100804974281345,0.04236216216216216,0.051504998550625215,0.08487126092115038,cheq_canon_00230,cheq_canon_00234,-5.391143660429407,32032.62180599853,-987556.1401891113,-5435.370627375245,7.498546416837179,validation,reserved_validation,vle|Hilliard2008|w=0.3|T=60,calibration_derived_partial_pressure,LOCAL_EQUILIBRIUM,5.684341886080802e-14,1.9895196601282805e-13,2.0976578406489785e-11,0.47220747377581007,2.346148320971176e-09,sha256:f8addf9b50d6ea512435da5d916a903a56e0027567b9373b93c35185109753d9,,,,,,,,,,
M5_fitted_R4,vle_obs_0148,Hilliard2008,0.3,333.15,60.0,0.544,42603.16,25800.0,10855364.14365801,2.6240246904986746,0.044835714285714284,0.04962531460945974,0.044079180102864275,cheq_canon_00234,cheq_canon_00238,-5.391143660429407,32032.62180599853,-987556.1401891113,-5435.370627375245,7.498546416837179,validation,reserved_validation,vle|Hilliard2008|w=0.3|T=60,calibration_derived_partial_pressure,LOCAL_EQUILIBRIUM,2.842170943040401e-14,2.1316282072803006e-13,5.610611033105382e-12,0.4711366829854351,8.556736736803946e-09,sha256:f8addf9b50d6ea512435da5d916a903a56e0027567b9373b93c35185109753d9,,,,,,,,,,
M5_fitted_R4,vle_obs_0149,Hilliard2008,0.3,333.15,60.0,0.565,68202.88,50200.0,13244972.897779576,2.421347356824069,0.04461111111111112,0.047769684285791585,0.02970933082554907,cheq_canon_00238,cheq_canon_00242,-5.391143660429407,32032.62180599853,-987556.1401891113,-5435.370627375245,7.498546416837179,validation,reserved_validation,vle|Hilliard2008|w=0.3|T=60,calibration_derived_partial_pressure,LOCAL_EQUILIBRIUM,4.2969585707536134e-14,1.4210854715202004e-13,7.0533269800241776e-12,0.47050099973647447,1.1771137265201533e-08,sha256:f8addf9b50d6ea512435da5d916a903a56e0027567b9373b93c35185109753d9,,,,,,,,,,
M5_fitted_R4,vle_obs_0150,Hilliard2008,0.4,313.15,40.0,0.115,6105.45,5.05,16.751253374722566,0.5207559295742616,,0.01888819877865986,,,,-8.17672936726376,32032.62180599853,-987556.1401891113,-5435.370627375245,7.498546416837179,validation,reserved_validation,vle|Hilliard2008|w=0.4|T=40,calibration_derived_partial_pressure,LOCAL_EQUILIBRIUM,1.4210854715202004e-13,5.826450433232822e-13,5.940774792039123e-11,0.472021077165177,8.544186348093107e-11,sha256:f8addf9b50d6ea512435da5d916a903a56e0027567b9373b93c35185109753d9,,,,,,,,,,
M5_fitted_R4,vle_obs_0151,Hilliard2008,0.4,313.15,40.0,0.201,6139.22,10.8,123.23613260672194,1.0573143053530676,,0.03301118526743738,,,,-8.17672936726376,32032.62180599853,-987556.1401891113,-5435.370627375245,7.498546416837179,validation,reserved_validation,vle|Hilliard2008|w=0.4|T=40,calibration_derived_partial_pressure,LOCAL_EQUILIBRIUM,1.1368683772161603e-13,1.9895196601282805e-13,2.9615369190552304e-10,0.47305533351025797,9.674506559206755e-11,sha256:f8addf9b50d6ea512435da5d916a903a56e0027567b9373b93c35185109753d9,,,,,,,,,,
M5_fitted_R4,vle_obs_0152,Hilliard2008,0.4,313.15,40.0,0.298,6175.53,29.5,894.1384107160585,1.481582735879782,,0.04893202222827751,,,,-8.17672936726376,32032.62180599853,-987556.1401891113,-5435.370627375245,7.498546416837179,validation,reserved_validation,vle|Hilliard2008|w=0.4|T=40,calibration_derived_partial_pressure,LOCAL_EQUILIBRIUM,5.684341886080802e-14,4.973799150320701e-13,1.5833864279132776e-11,0.474284638376861,1.0168658759467925e-10,sha256:f8addf9b50d6ea512435da5d916a903a56e0027567b9373b93c35185109753d9,,,,,,,,,,
M5_fitted_R4,vle_obs_0153,Hilliard2008,0.4,313.15,40.0,0.373,6288.39,104.0,4714.301102964835,1.6563839782149299,,0.06122322913058288,,,,-8.17672936726376,32032.62180599853,-987556.1401891113,-5435.370627375245,7.498546416837179,validation,reserved_validation,vle|Hilliard2008|w=0.4|T=40,calibration_derived_partial_pressure,LOCAL_EQUILIBRIUM,1.2789769243681803e-13,2.2737367544323206e-13,7.0737464389155486e-12,0.4752818374725291,1.1856347153953375e-10,sha256:f8addf9b50d6ea512435da5d916a903a56e0027567b9373b93c35185109753d9,,,,,,,,,,
M5_fitted_R4,vle_obs_0154,Hilliard2008,0.4,313.15,40.0,0.485,7911.98,1620.0,547591.9143544377,2.5289420122509947,,0.0790501283921298,,,,-8.17672936726376,32032.62180599853,-987556.1401891113,-5435.370627375245,7.498546416837179,validation,reserved_validation,vle|Hilliard2008|w=0.4|T=40,calibration_derived_partial_pressure,LOCAL_EQUILIBRIUM,4.6412457148092353e-14,2.2737367544323206e-13,1.8252128827702714e-11,0.4767613516877473,5.628276888015161e-10,sha256:f8addf9b50d6ea512435da5d916a903a56e0027567b9373b93c35185109753d9,,,,,,,,,,
M5_fitted_R4,vle_obs_0155,Hilliard2008,0.4,313.15,40.0,0.545,28890.95,22300.0,64193749.49611573,3.459187880106375,,0.07561670815383709,,,,-8.17672936726376,32032.62180599853,-987556.1401891113,-5435.370627375245,7.498546416837179,validation,reserved_validation,vle|Hilliard2008|w=0.4|T=40,calibration_derived_partial_pressure,LOCAL_EQUILIBRIUM,2.984279490192421e-13,3.410605131648481e-13,1.9248040112714365e-11,0.4750200543037304,3.897599671112794e-09,sha256:f8addf9b50d6ea512435da5d916a903a56e0027567b9373b93c35185109753d9,,,,,,,,,,
M5_fitted_R4,vle_obs_0156,Hilliard2008,0.4,333.15,60.0,0.136,15451.59,15.5,539.838865200857,1.54193244980616,,0.02221332625974977,,,,-5.391143660429407,32032.62180599853,-987556.1401891113,-5435.370627375245,7.498546416837179,validation,reserved_validation,vle|Hilliard2008|w=0.4|T=60,calibration_derived_partial_pressure,LOCAL_EQUILIBRIUM,1.4210854715202004e-14,1.1368683772161603e-13,6.533561393797987e-13,0.4650409841211603,2.669935974926034e-10,sha256:f8addf9b50d6ea512435da5d916a903a56e0027567b9373b93c35185109753d9,,,,,,,,,,
M5_fitted_R4,vle_obs_0157,Hilliard2008,0.4,333.15,60.0,0.225,15601.48,73.1,3739.6081228166763,1.7089087174845494,,0.03668928030141367,,,,-5.391143660429407,32032.62180599853,-987556.1401891113,-5435.370627375245,7.498546416837179,validation,reserved_validation,vle|Hilliard2008|w=0.4|T=60,calibration_derived_partial_pressure,LOCAL_EQUILIBRIUM,5.684341886080802e-14,2.5579538487363607e-13,1.2729735899885604e-11,0.46616250783696683,3.0331193307254483e-10,sha256:f8addf9b50d6ea512435da5d916a903a56e0027567b9373b93c35185109753d9,,,,,,,,,,
M5_fitted_R4,vle_obs_0158,Hilliard2008,0.4,333.15,60.0,0.291,15721.52,199.0,14014.03487284268,1.8477101174574475,,0.04734490040341506,,,,-5.391143660429407,32032.62180599853,-987556.1401891113,-5435.370627375245,7.498546416837179,validation,reserved_validation,vle|Hilliard2008|w=0.4|T=60,calibration_derived_partial_pressure,LOCAL_EQUILIBRIUM,7.105427357601002e-14,3.055333763768431e-13,1.0368463596586113e-10,0.46701570028507194,3.239198722332078e-10,sha256:f8addf9b50d6ea512435da5d916a903a56e0027567b9373b93c35185109753d9,,,,,,,,,,
M5_fitted_R4,vle_obs_0159,Hilliard2008,0.4,333.15,60.0,0.415,16361.3,847.0,243195.11046689862,2.4580714286968335,,0.06664751581270877,,,,-5.391143660429407,32032.62180599853,-987556.1401891113,-5435.370627375245,7.498546416837179,validation,reserved_validation,vle|Hilliard2008|w=0.4|T=60,calibration_derived_partial_pressure,LOCAL_EQUILIBRIUM,4.2969585707536134e-14,1.5631940186722204e-13,7.635857652515261e-11,0.46856434391850066,4.89024671108335e-10,sha256:f8addf9b50d6ea512435da5d916a903a56e0027567b9373b93c35185109753d9,,,,,,,,,,
M5_fitted_R4,vle_obs_0160,Hilliard2008,0.4,333.15,60.0,0.464,22786.55,6980.0,973944.2984603612,2.1446786969217335,,0.07291376351641274,,,,-5.391143660429407,32032.62180599853,-987556.1401891113,-5435.370627375245,7.498546416837179,validation,reserved_validation,vle|Hilliard2008|w=0.4|T=60,calibration_derived_partial_pressure,LOCAL_EQUILIBRIUM,5.371198213442017e-14,1.7053025658242404e-13,5.262217469592495e-13,0.46893222597304135,8.109966324671162e-10,sha256:f8addf9b50d6ea512435da5d916a903a56e0027567b9373b93c35185109753d9,,,,,,,,,,
M5_fitted_R4,vle_obs_0161,Hilliard2008,0.4,333.15,60.0,0.502,42804.16,26500.0,3071285.9364138893,2.064074377161405,,0.07481288009631688,,,,-5.391143660429407,32032.62180599853,-987556.1401891113,-5435.370627375245,7.498546416837179,validation,reserved_validation,vle|Hilliard2008|w=0.4|T=60,calibration_derived_partial_pressure,LOCAL_EQUILIBRIUM,6.445437856130421e-14,2.8421709430404007e-13,7.667910034347463e-13,0.46861690355482716,1.6016156005565829e-09,sha256:f8addf9b50d6ea512435da5d916a903a56e0027567b9373b93c35185109753d9,,,,,,,,,,
M5_fitted_R4,vle_obs_0186,Jou1995,0.3,313.15,40.0,0.0888,200000.0,1.47,0.17534655354646222,-0.9234201005469829,,0.009960790550326913,,,,-8.17672936726376,32032.62180599853,-987556.1401891113,-5435.370627375245,7.498546416837179,training,active_training,vle|Jou1995|w=0.3|T=40,calibration_derived_partial_pressure,LOCAL_EQUILIBRIUM,5.684341886080802e-14,3.694822225952521e-13,8.760252967476844e-13,0.47555794188514183,3.07629094582427e-11,sha256:f8addf9b50d6ea512435da5d916a903a56e0027567b9373b93c35185109753d9,,,,,,,,,,
M5_fitted_R4,vle_obs_0187,Jou1995,0.3,313.15,40.0,0.203,200000.0,8.959999999999999,2.2607998689491686,-0.5980458903322059,0.023857500000000004,0.02277034204466187,-0.02025537808095618,cheq_canon_00166,cheq_canon_00170,-8.17672936726376,32032.62180599853,-987556.1401891113,-5435.370627375245,7.498546416837179,training,active_training,vle|Jou1995|w=0.3|T=40,calibration_derived_partial_pressure,LOCAL_EQUILIBRIUM,4.6412457148092353e-14,2.8421709430404007e-13,7.695925887674093e-12,0.47665309169449366,1.1116725250375865e-10,sha256:f8addf9b50d6ea512435da5d916a903a56e0027567b9373b93c35185109753d9,,,,,,,,,,
M5_fitted_R4,vle_obs_0188,Jou1995,0.3,313.15,40.0,0.365,300000.0,67.7,35.387479112266405,-0.2817390426575905,0.041850943396226414,0.04092668584619831,-0.009698674376804498,cheq_canon_00186,cheq_canon_00190,-8.17672936726376,32032.62180599853,-987556.1401891113,-5435.370627375245,7.498546416837179,training,active_training,vle|Jou1995|w=0.3|T=40,calibration_derived_partial_pressure,LOCAL_EQUILIBRIUM,4.263256414560601e-14,1.3500311979441904e-13,1.2708672632773717e-12,0.47831970003494007,1.8615698251357968e-10,sha256:f8addf9b50d6ea512435da5d916a903a56e0027567b9373b93c35185109753d9,,,,,,,,,,
M5_fitted_R4,vle_obs_0189,Jou1995,0.3,313.15,40.0,0.4735,210000.0,604.0,2700.0073835275152,0.6503280131752157,0.05052142857142857,0.05294090000722689,0.020315697727910496,cheq_canon_00194,cheq_canon_00198,-8.17672936726376,32032.62180599853,-987556.1401891113,-5435.370627375245,7.498546416837179,training,active_training,vle|Jou1995|w=0.3|T=40,calibration_derived_partial_pressure,LOCAL_EQUILIBRIUM,6.961868572213853e-14,2.2737367544323206e-13,7.948533277071657e-12,0.4794730650152046,6.945300985532481e-10,sha256:f8addf9b50d6ea512435da5d916a903a56e0027567b9373b93c35185109753d9,,,,,,,,,,
M5_fitted_R4,vle_obs_0190,Jou1995,0.3,313.15,40.0,0.513,220000.0,2570.0,828891.4251288992,2.508564523557305,0.04786129032258065,0.05427952982264924,0.054651674227769446,cheq_canon_00202,cheq_canon_00206,-8.17672936726376,32032.62180599853,-987556.1401891113,-5435.370627375245,7.498546416837179,training,active_training,vle|Jou1995|w=0.3|T=40,calibration_derived_partial_pressure,LOCAL_EQUILIBRIUM,9.947598300641403e-14,2.3447910280083306e-13,6.910836832089858e-13,0.47931805980793873,1.0604037884126395e-08,sha256:f8addf9b50d6ea512435da5d916a903a56e0027567b9373b93c35185109753d9,,,,,,,,,,
M5_fitted_R4,vle_obs_0191,Jou1995,0.3,313.15,40.0,0.557,230000.0,8090.0,12407756.995428238,3.185744757666355,0.04400064516129032,0.04980196793927285,0.05378745997799416,cheq_canon_00202,cheq_canon_00206,-8.17672936726376,32032.62180599853,-987556.1401891113,-5435.370627375245,7.498546416837179,training,active_training,vle|Jou1995|w=0.3|T=40,calibration_derived_partial_pressure,LOCAL_EQUILIBRIUM,6.445437856130421e-14,1.8474111129762605e-13,2.605425517844117e-13,0.4779546577270424,5.138654687776947e-09,sha256:f8addf9b50d6ea512435da5d916a903a56e0027567b9373b93c35185109753d9,,,,,,,,,,
M5_fitted_R4,vle_obs_0192,Jou1995,0.3,313.15,40.0,0.609,210000.0,36100.0,48307034.267700665,3.12650317359144,0.03943806451612904,0.044671498500552374,0.054114927956970434,cheq_canon_00202,cheq_canon_00206,-8.17672936726376,32032.62180599853,-987556.1401891113,-5435.370627375245,7.498546416837179,training,active_training,vle|Jou1995|w=0.3|T=40,calibration_derived_partial_pressure,LOCAL_EQUILIBRIUM,6.445437856130421e-14,2.4158453015843406e-13,2.1549307608178685e-12,0.47632268184669097,2.4117619903973734e-09,sha256:f8addf9b50d6ea512435da5d916a903a56e0027567b9373b93c35185109753d9,,,,,,,,,,
M5_fitted_R4,vle_obs_0193,Jou1995,0.3,313.15,40.0,0.642,110000.0,103000.0,128196061.29140562,3.095037457375553,0.03654258064516129,0.04257325155259832,0.06633760682185838,cheq_canon_00202,cheq_canon_00206,-8.17672936726376,32032.62180599853,-987556.1401891113,-5435.370627375245,7.498546416837179,training,active_training,vle|Jou1995|w=0.3|T=40,calibration_derived_partial_pressure,LOCAL_EQUILIBRIUM,2.842170943040401e-14,1.7053025658242404e-13,4.32853332974694e-13,0.4754621163884612,1.9294724429715087e-09,sha256:f8addf9b50d6ea512435da5d916a903a56e0027567b9373b93c35185109753d9,,,,,,,,,,
M5_fitted_R4,vle_obs_0194,Jou1995,0.3,333.15,60.0,0.0564,220000.0,4.28,2.603909047183475,-0.21581795847039023,,0.006297536202763245,,,,-5.391143660429407,32032.62180599853,-987556.1401891113,-5435.370627375245,7.498546416837179,training,active_training,vle|Jou1995|w=0.3|T=60,calibration_derived_partial_pressure,LOCAL_EQUILIBRIUM,5.684341886080802e-14,3.410605131648481e-13,4.60501971908591e-13,0.468194478138271,1.3738109212696667e-10,sha256:f8addf9b50d6ea512435da5d916a903a56e0027567b9373b93c35185109753d9,,,,,,,,,,
M5_fitted_R4,vle_obs_0195,Jou1995,0.3,333.15,60.0,0.119,260000.0,19.3,14.589399459531721,-0.12151989352140391,,0.013286535649015956,,,,-5.391143660429407,32032.62180599853,-987556.1401891113,-5435.370627375245,7.498546416837179,training,active_training,vle|Jou1995|w=0.3|T=60,calibration_derived_partial_pressure,LOCAL_EQUILIBRIUM,5.684341886080802e-14,5.400124791776761e-13,5.153728684840294e-12,0.46880915075753143,2.425253477655098e-10,sha256:f8addf9b50d6ea512435da5d916a903a56e0027567b9373b93c35185109753d9,,,,,,,,,,
M5_fitted_R4,vle_obs_0196,Jou1995,0.3,333.15,60.0,0.206,220000.0,57.9,105.90168035080012,0.2622242874215076,0.023387837837837835,0.02297879917709074,-0.0076627443025480335,cheq_canon_00222,cheq_canon_00226,-5.391143660429407,32032.62180599853,-987556.1401891113,-5435.370627375245,7.498546416837179,training,active_training,vle|Jou1995|w=0.3|T=60,calibration_derived_partial_pressure,LOCAL_EQUILIBRIUM,1.4210854715202004e-14,2.7000623958883807e-13,6.437238136475736e-13,0.4696826413399689,3.4737431228075236e-10,sha256:f8addf9b50d6ea512435da5d916a903a56e0027567b9373b93c35185109753d9,,,,,,,,,,
M5_fitted_R4,vle_obs_0197,Jou1995,0.3,333.15,60.0,0.389,300000.0,528.0,2909.413272146759,0.741171493132247,0.03953333333333334,0.0430458265276797,0.03696761686177204,cheq_canon_00226,cheq_canon_00230,-5.391143660429407,32032.62180599853,-987556.1401891113,-5435.370627375245,7.498546416837179,training,active_training,vle|Jou1995|w=0.3|T=60,calibration_derived_partial_pressure,LOCAL_EQUILIBRIUM,1.1368683772161603e-13,3.694822225952521e-13,3.5642491032679876e-12,0.47158955982613876,6.961673502944248e-10,sha256:f8addf9b50d6ea512435da5d916a903a56e0027567b9373b93c35185109753d9,,,,,,,,,,
M5_fitted_R4,vle_obs_0198,Jou1995,0.3,333.15,60.0,0.438,200000.0,2009.9999999999998,17786.5576217775,0.9468958462268038,0.041917567567567565,0.048021665578908454,0.059041145956904593,cheq_canon_00230,cheq_canon_00234,-5.391143660429407,32032.62180599853,-987556.1401891113,-5435.370627375245,7.498546416837179,training,active_training,vle|Jou1995|w=0.3|T=60,calibration_derived_partial_pressure,LOCAL_EQUILIBRIUM,2.1484792853768067e-14,2.5579538487363607e-13,1.7171259969472885e-13,0.4720383514849302,1.0667111311416788e-09,sha256:f8addf9b50d6ea512435da5d916a903a56e0027567b9373b93c35185109753d9,,,,,,,,,,
M5_fitted_R4,vle_obs_0199,Jou1995,0.3,333.15,60.0,0.504,250000.0,11000.0,312370.39930186135,1.453277187585634,0.043064285714285715,0.05176066356548417,0.07988258711226419,cheq_canon_00234,cheq_canon_00238,-5.391143660429407,32032.62180599853,-987556.1401891113,-5435.370627375245,7.498546416837179,training,active_training,vle|Jou1995|w=0.3|T=60,calibration_derived_partial_pressure,LOCAL_EQUILIBRIUM,3.2227189280652104e-14,4.263256414560601e-13,5.337642505764961e-13,0.47206346909856894,3.734663019928234e-09,sha256:f8addf9b50d6ea512435da5d916a903a56e0027567b9373b93c35185109753d9,,,,,,,,,,
M5_fitted_R4,vle_obs_0200,Jou1995,0.3,333.15,60.0,0.561,250000.0,34000.0,3387913.2055211402,1.998453358628791,0.045203703703703704,0.04800860476994581,0.026145065056087408,cheq_canon_00238,cheq_canon_00242,-5.391143660429407,32032.62180599853,-987556.1401891113,-5435.370627375245,7.498546416837179,training,active_training,vle|Jou1995|w=0.3|T=60,calibration_derived_partial_pressure,LOCAL_EQUILIBRIUM,1.4210854715202004e-14,2.2737367544323206e-13,2.918532118201256e-13,0.4706189090989344,1.1396977552711754e-08,sha256:f8addf9b50d6ea512435da5d916a903a56e0027567b9373b93c35185109753d9,,,,,,,,,,
M5_fitted_R4,vle_obs_0201,Jou1995,0.3,333.15,60.0,0.579,100000.0,82000.0,13156921.244506648,2.2053404226882445,0.04253703703703705,0.04640194406856155,0.03776894088459045,cheq_canon_00238,cheq_canon_00242,-5.391143660429407,32032.62180599853,-987556.1401891113,-5435.370627375245,7.498546416837179,training,active_training,vle|Jou1995|w=0.3|T=60,calibration_derived_partial_pressure,LOCAL_EQUILIBRIUM,2.3206228574046177e-14,3.055333763768431e-13,3.698660293594003e-12,0.47004804279169243,1.4090291672501866e-08,sha256:f8addf9b50d6ea512435da5d916a903a56e0027567b9373b93c35185109753d9,,,,,,,,,,
M5_fitted_R4,vle_obs_0202,Jou1995,0.3,333.15,60.0,0.668,300000.0,282000.0,21554985.21771917,1.8832986210340719,0.03685294117647059,0.037193656157238277,0.003996717896396799,cheq_canon_00242,cheq_canon_00246,-5.391143660429407,32032.62180599853,-987556.1401891113,-5435.370627375245,7.498546416837179,training,active_training,vle|Jou1995|w=0.3|T=60,calibration_derived_partial_pressure,LOCAL_EQUILIBRIUM,5.684341886080802e-14,1.2079226507921703e-13,2.683567193647226e-12,0.46697346226153535,1.7420141663768285e-08,sha256:f8addf9b50d6ea512435da5d916a903a56e0027567b9373b93c35185109753d9,,,,,,,,,,
M5_fitted_R4,vle_obs_0203,Jou1995,0.3,353.15,80.0,0.0174,250000.0,2.96,1.4693650503728564,-0.30416200535235377,,0.0019312897185974588,,,,-4.425028318665227,32032.62180599853,-987556.1401891113,-5435.370627375245,7.498546416837179,training,active_training,vle|Jou1995|w=0.3|T=80,calibration_derived_partial_pressure,LOCAL_EQUILIBRIUM,5.684341886080802e-14,1.9895196601282805e-13,1.5634577721357346e-13,0.4606931854264933,1.227256489982897e-10,sha256:f8addf9b50d6ea512435da5d916a903a56e0027567b9373b93c35185109753d9,,,,,,,,,,
M5_fitted_R4,vle_obs_0204,Jou1995,0.3,353.15,80.0,0.0236,280000.0,4.84,2.4020498037677167,-0.3042633538825775,,0.0026203516829803757,,,,-4.425028318665227,32032.62180599853,-987556.1401891113,-5435.370627375245,7.498546416837179,training,active_training,vle|Jou1995|w=0.3|T=80,calibration_derived_partial_pressure,LOCAL_EQUILIBRIUM,2.842170943040401e-14,2.2737367544323206e-13,2.1310240429426944e-12,0.4607561540766747,1.6276807813947145e-10,sha256:f8addf9b50d6ea512435da5d916a903a56e0027567b9373b93c35185109753d9,,,,,,,,,,
M5_fitted_R4,vle_obs_0205,Jou1995,0.3,353.15,80.0,0.0781,250000.0,46.5,37.1585158349761,-0.09739459357352646,0.00811844155844156,0.00867219357582977,0.028656294671557305,cheq_canon_00250,cheq_canon_00254,-4.425028318665227,32032.62180599853,-987556.1401891113,-5435.370627375245,7.498546416837179,training,active_training,vle|Jou1995|w=0.3|T=80,calibration_derived_partial_pressure,LOCAL_EQUILIBRIUM,5.684341886080802e-14,1.4210854715202004e-13,1.8654391169548035e-12,0.46129237851046717,4.6140284733273193e-10,sha256:f8addf9b50d6ea512435da5d916a903a56e0027567b9373b93c35185109753d9,,,,,,,,,,
M5_fitted_R4,vle_obs_0206,Jou1995,0.3,353.15,80.0,0.118,250000.0,99.2,111.01431290268097,0.04886730315433991,0.01184935064935065,0.013093328867708061,0.043355524842187895,cheq_canon_00250,cheq_canon_00254,-4.425028318665227,32032.62180599853,-987556.1401891113,-5435.370627375245,7.498546416837179,training,active_training,vle|Jou1995|w=0.3|T=80,calibration_derived_partial_pressure,LOCAL_EQUILIBRIUM,2.1484792853768067e-14,1.1368683772161603e-13,1.2964010238647461e-12,0.46169531511395107,6.32782252323907e-10,sha256:f8addf9b50d6ea512435da5d916a903a56e0027567b9373b93c35185109753d9,,,,,,,,,,
M5_fitted_R4,vle_obs_0207,Jou1995,0.3,353.15,80.0,0.187,250000.0,278.0,483.6934912563603,0.2405254474958796,0.017715384615384615,0.02070850790716792,0.0677982225055862,cheq_canon_00254,cheq_canon_00258,-4.425028318665227,32032.62180599853,-987556.1401891113,-5435.370627375245,7.498546416837179,training,active_training,vle|Jou1995|w=0.3|T=80,calibration_derived_partial_pressure,LOCAL_EQUILIBRIUM,2.842170943040401e-14,2.3447910280083306e-13,7.08969309926033e-14,0.46240422488666694,8.764811316845531e-10,sha256:f8addf9b50d6ea512435da5d916a903a56e0027567b9373b93c35185109753d9,,,,,,,,,,
M5_fitted_R4,vle_obs_0208,Jou1995,0.3,353.15,80.0,0.348,300000.0,2670.0,8300.289221220653,0.4925819641430385,0.033680645161290323,0.03807909523393353,0.053306218992884555,cheq_canon_00262,cheq_canon_00266,-4.425028318665227,32032.62180599853,-987556.1401891113,-5435.370627375245,7.498546416837179,training,active_training,vle|Jou1995|w=0.3|T=80,calibration_derived_partial_pressure,LOCAL_EQUILIBRIUM,9.947598300641403e-14,3.126388037344441e-13,1.4280279477437338e-13,0.46406735059612536,1.568341735321802e-09,sha256:f8addf9b50d6ea512435da5d916a903a56e0027567b9373b93c35185109753d9,,,,,,,,,,
M5_fitted_R4,vle_obs_0209,Jou1995,0.3,353.15,80.0,0.46,200000.0,16000.0,218623.19097453752,1.1355762462206243,0.04284464285714286,0.04816288958209973,0.05081600797024384,cheq_canon_00266,cheq_canon_00270,-4.425028318665227,32032.62180599853,-987556.1401891113,-5435.370627375245,7.498546416837179,training,active_training,vle|Jou1995|w=0.3|T=80,calibration_derived_partial_pressure,LOCAL_EQUILIBRIUM,1.4210854715202004e-14,2.2737367544323206e-13,1.2459349818527699e-12,0.46485556981473486,3.7252158733921458e-09,sha256:f8addf9b50d6ea512435da5d916a903a56e0027567b9373b93c35185109753d9,,,,,,,,,,
M5_fitted_R4,vle_obs_0210,Jou1995,0.3,353.15,80.0,0.517,100000.0,56000.0,3330238.735907889,1.7742873410259477,,0.04906369624949379,,,,-4.425028318665227,32032.62180599853,-987556.1401891113,-5435.370627375245,7.498546416837179,training,active_training,vle|Jou1995|w=0.3|T=80,calibration_derived_partial_pressure,LOCAL_EQUILIBRIUM,2.3206228574046177e-14,1.9895196601282805e-13,9.25356289371848e-13,0.4643437862121348,8.608973678845706e-09,sha256:f8addf9b50d6ea512435da5d916a903a56e0027567b9373b93c35185109753d9,,,,,,,,,,
M5_fitted_R4,vle_obs_0211,Jou1995,0.3,353.15,80.0,0.5785,500000.0,235000.0,3793094.898210889,1.2079258460397466,,0.044962081984267814,,,,-4.425028318665227,32032.62180599853,-987556.1401891113,-5435.370627375245,7.498546416837179,training,active_training,vle|Jou1995|w=0.3|T=80,calibration_derived_partial_pressure,LOCAL_EQUILIBRIUM,2.842170943040401e-14,2.2737367544323206e-13,9.253853932023048e-13,0.4626937329534428,1.9094036762929478e-08,sha256:f8addf9b50d6ea512435da5d916a903a56e0027567b9373b93c35185109753d9,,,,,,,,,,
M5_fitted_R4,vle_obs_0212,Jou1995,0.3,353.15,80.0,0.64,600000.0,558000.0,9487570.052943513,1.2305207966583944,,0.03912491032045614,,,,-4.425028318665227,32032.62180599853,-987556.1401891113,-5435.370627375245,7.498546416837179,training,active_training,vle|Jou1995|w=0.3|T=80,calibration_derived_partial_pressure,LOCAL_EQUILIBRIUM,5.684341886080802e-14,2.8421709430404007e-13,7.836691414316496e-13,0.4605678371106529,3.2299221932529235e-08,sha256:f8addf9b50d6ea512435da5d916a903a56e0027567b9373b93c35185109753d9,,,,,,,,,,
M5_fitted_R4,vle_obs_0213,Jou1995,0.3,353.15,80.0,0.689,1000000.0,958000.0,11114234.20681446,1.0645140352203242,,0.034072557184723976,,,,-4.425028318665227,32032.62180599853,-987556.1401891113,-5435.370627375245,7.498546416837179,training,active_training,vle|Jou1995|w=0.3|T=80,calibration_derived_partial_pressure,LOCAL_EQUILIBRIUM,5.684341886080802e-14,1.5631940186722204e-13,2.0687002688646316e-13,0.4587598778769973,3.132390861270179e-08,sha256:f8addf9b50d6ea512435da5d916a903a56e0027567b9373b93c35185109753d9,,,,,,,,,,
M5_fitted_R4,vle_obs_0214,Jou1995,0.3,373.15,100.0,0.0117,300000.0,7.24,2.3608167969551763,-0.4866762797361677,,0.0012948212998660647,,,,-3.993675940880621,32032.62180599853,-987556.1401891113,-5435.370627375245,7.498546416837179,training,active_training,vle|Jou1995|w=0.3|T=100,calibration_derived_partial_pressure,LOCAL_EQUILIBRIUM,8.526512829121202e-14,2.2382096176443156e-13,8.261219287912051e-12,0.45344885314824973,1.922330681231079e-10,sha256:f8addf9b50d6ea512435da5d916a903a56e0027567b9373b93c35185109753d9,,,,,,,,,,
M5_fitted_R4,vle_obs_0215,Jou1995,0.3,373.15,100.0,0.0566,300000.0,136.0,60.75068675568035,-0.349987716593422,,0.006263865389585892,,,,-3.993675940880621,32032.62180599853,-987556.1401891113,-5435.370627375245,7.498546416837179,training,active_training,vle|Jou1995|w=0.3|T=100,calibration_derived_partial_pressure,LOCAL_EQUILIBRIUM,1.5631940186722204e-13,1.7763568394002505e-13,1.1880183592438698e-12,0.4539006620159965,8.155462691046131e-10,sha256:f8addf9b50d6ea512435da5d916a903a56e0027567b9373b93c35185109753d9,,,,,,,,,,
M5_fitted_R4,vle_obs_0216,Jou1995,0.3,373.15,100.0,0.188,300000.0,1430.0,1733.3780168326314,0.08355724695798901,,0.0207044205215054,,,,-3.993675940880621,32032.62180599853,-987556.1401891113,-5435.370627375245,7.498546416837179,training,active_training,vle|Jou1995|w=0.3|T=100,calibration_derived_partial_pressure,LOCAL_EQUILIBRIUM,3.2227189280652104e-14,1.5276668818842154e-13,7.683411240577698e-13,0.45526585165287203,2.110568166257305e-09,sha256:f8addf9b50d6ea512435da5d916a903a56e0027567b9373b93c35185109753d9,,,,,,,,,,
M5_fitted_R4,vle_obs_0217,Jou1995,0.3,373.15,100.0,0.381,110000.0,19000.0,184352.9812761141,0.9868965642672898,,0.04089428420188125,,,,-3.993675940880621,32032.62180599853,-987556.1401891113,-5435.370627375245,7.498546416837179,training,active_training,vle|Jou1995|w=0.3|T=100,calibration_derived_partial_pressure,LOCAL_EQUILIBRIUM,5.684341886080802e-14,1.2789769243681803e-13,1.3774842955172062e-11,0.45717682615667954,4.6858686572508775e-09,sha256:f8addf9b50d6ea512435da5d916a903a56e0027567b9373b93c35185109753d9,,,,,,,,,,
M5_fitted_R4,vle_obs_0218,Jou1995,0.3,373.15,100.0,0.422,130000.0,39000.0,409653.28101852647,1.0213518305590892,,0.04450647434049442,,,,-3.993675940880621,32032.62180599853,-987556.1401891113,-5435.370627375245,7.498546416837179,training,active_training,vle|Jou1995|w=0.3|T=100,calibration_derived_partial_pressure,LOCAL_EQUILIBRIUM,2.842170943040401e-14,1.1368683772161603e-13,8.529661080011955e-14,0.45745728500901495,6.249131560873126e-09,sha256:f8addf9b50d6ea512435da5d916a903a56e0027567b9373b93c35185109753d9,,,,,,,,,,
M5_fitted_R4,vle_obs_0219,Jou1995,0.3,373.15,100.0,0.477,160000.0,69000.0,1588039.793626552,1.3620122901849894,,0.047722358514014664,,,,-3.993675940880621,32032.62180599853,-987556.1401891113,-5435.370627375245,7.498546416837179,training,active_training,vle|Jou1995|w=0.3|T=100,calibration_derived_partial_pressure,LOCAL_EQUILIBRIUM,5.684341886080802e-14,1.9895196601282805e-13,2.128581400029361e-12,0.4574704134651219,1.0974838223145535e-08,sha256:f8addf9b50d6ea512435da5d916a903a56e0027567b9373b93c35185109753d9,,,,,,,,,,
M5_fitted_R4,vle_obs_0220,Jou1995,0.3,373.15,100.0,0.481,200000.0,109000.0,1441282.3997118191,1.1213225853164426,,0.0478310087601122,,,,-3.993675940880621,32032.62180599853,-987556.1401891113,-5435.370627375245,7.498546416837179,training,active_training,vle|Jou1995|w=0.3|T=100,calibration_derived_partial_pressure,LOCAL_EQUILIBRIUM,1.2789769243681803e-13,2.4158453015843406e-13,1.586158759891987e-14,0.4574463261350674,1.1537024607642388e-08,sha256:f8addf9b50d6ea512435da5d916a903a56e0027567b9373b93c35185109753d9,,,,,,,,,,
M5_fitted_R4,vle_obs_0221,Jou1995,0.3,373.15,100.0,0.571,600000.0,509000.0,5782686.409416801,1.055411859153668,,0.044690703803701555,,,,-3.993675940880621,32032.62180599853,-987556.1401891113,-5435.370627375245,7.498546416837179,training,active_training,vle|Jou1995|w=0.3|T=100,calibration_derived_partial_pressure,LOCAL_EQUILIBRIUM,5.684341886080802e-14,1.9184653865522705e-13,2.348485092322032e-12,0.4555384755633074,3.423775399386176e-08,sha256:f8addf9b50d6ea512435da5d916a903a56e0027567b9373b93c35185109753d9,,,,,,,,,,
M5_fitted_R4,vle_obs_0222,Jou1995,0.3,373.15,100.0,0.589,700000.0,376000.0,7132932.575510695,1.2780802739167927,,0.04323099455160254,,,,-3.993675940880621,32032.62180599853,-987556.1401891113,-5435.370627375245,7.498546416837179,training,active_training,vle|Jou1995|w=0.3|T=100,calibration_derived_partial_pressure,LOCAL_EQUILIBRIUM,5.684341886080802e-14,1.1368683772161603e-13,3.7119856902531216e-13,0.45495232613799164,4.061421829550203e-08,sha256:f8addf9b50d6ea512435da5d916a903a56e0027567b9373b93c35185109753d9,,,,,,,,,,
M5_fitted_R4,vle_obs_0223,Jou1995,0.3,373.15,100.0,0.6135,1000000.0,909000.0,7776825.784018495,0.9322384868033772,,0.04103954807813078,,,,-3.993675940880621,32032.62180599853,-987556.1401891113,-5435.370627375245,7.498546416837179,training,active_training,vle|Jou1995|w=0.3|T=100,calibration_derived_partial_pressure,LOCAL_EQUILIBRIUM,6.961868572213853e-14,1.9895196601282805e-13,3.4528784453868865e-13,0.4541125013971035,5.010328436757471e-08,sha256:f8addf9b50d6ea512435da5d916a903a56e0027567b9373b93c35185109753d9,,,,,,,,,,
M5_fitted_R4,vle_obs_0224,Jou1995,0.3,393.15,120.0,0.00333,250000.0,2.02,1.6382870297207248,-0.09096137647684537,,0.00036309916321752405,,,,-3.1748948690556063,32032.62180599853,-987556.1401891113,-5435.370627375245,7.498546416837179,training,active_training,vle|Jou1995|w=0.3|T=120,calibration_derived_partial_pressure,LOCAL_EQUILIBRIUM,8.526512829121202e-14,2.5579538487363607e-13,9.91043634712696e-13,0.4460886044398754,1.319375343429921e-10,sha256:f8addf9b50d6ea512435da5d916a903a56e0027567b9373b93c35185109753d9,,,,,,,,,,
M5_fitted_R4,vle_obs_0225,Jou1995,0.3,393.15,120.0,0.0112,350000.0,22.1,10.906030912567482,-0.30672554934783725,,0.0012231497529090016,,,,-3.1748948690556063,32032.62180599853,-987556.1401891113,-5435.370627375245,7.498546416837179,training,active_training,vle|Jou1995|w=0.3|T=120,calibration_derived_partial_pressure,LOCAL_EQUILIBRIUM,2.842170943040401e-14,1.4210854715202004e-13,1.8222324017967496e-12,0.44617556679640374,3.8236787035320366e-10,sha256:f8addf9b50d6ea512435da5d916a903a56e0027567b9373b93c35185109753d9,,,,,,,,,,
M5_fitted_R4,vle_obs_0226,Jou1995,0.3,393.15,120.0,0.0247,400000.0,98.4,45.58938692390009,-0.33413134648727444,,0.002697322753007023,,,,-3.1748948690556063,32032.62180599853,-987556.1401891113,-5435.370627375245,7.498546416837179,training,active_training,vle|Jou1995|w=0.3|T=120,calibration_derived_partial_pressure,LOCAL_EQUILIBRIUM,2.842170943040401e-14,2.0605739337042905e-13,5.986657924950123e-13,0.4463145382005358,8.057816192864105e-10,sha256:f8addf9b50d6ea512435da5d916a903a56e0027567b9373b93c35185109753d9,,,,,,,,,,
M5_fitted_R4,vle_obs_0227,Jou1995,0.3,393.15,120.0,0.119,300000.0,2290.0,2374.7571775924653,0.015783726642880073,,0.012922534595863957,,,,-3.1748948690556063,32032.62180599853,-987556.1401891113,-5435.370627375245,7.498546416837179,training,active_training,vle|Jou1995|w=0.3|T=120,calibration_derived_partial_pressure,LOCAL_EQUILIBRIUM,7.105427357601002e-14,1.6342482922482304e-13,2.719267892340819e-12,0.447256669758832,3.202840451114462e-09,sha256:f8addf9b50d6ea512435da5d916a903a56e0027567b9373b93c35185109753d9,,,,,,,,,,
M5_fitted_R4,vle_obs_0228,Jou1995,0.3,393.15,120.0,0.349,350000.0,46800.0,160694.96541059934,0.5357564174126397,,0.03635459649116877,,,,-3.1748948690556063,32032.62180599853,-987556.1401891113,-5435.370627375245,7.498546416837179,training,active_training,vle|Jou1995|w=0.3|T=120,calibration_derived_partial_pressure,LOCAL_EQUILIBRIUM,8.526512829121202e-14,1.4921397450962104e-13,4.2025931179523467e-13,0.4494134762685874,8.818265473073544e-09,sha256:f8addf9b50d6ea512435da5d916a903a56e0027567b9373b93c35185109753d9,,,,,,,,,,
M5_fitted_R4,vle_obs_0229,Jou1995,0.3,393.15,120.0,0.4115,300000.0,122000.0,647672.1490392602,0.7249953914082868,,0.041361422119439564,,,,-3.1748948690556063,32032.62180599853,-987556.1401891113,-5435.370627375245,7.498546416837179,training,active_training,vle|Jou1995|w=0.3|T=120,calibration_derived_partial_pressure,LOCAL_EQUILIBRIUM,1.2789769243681803e-13,1.7053025658242404e-13,8.166534826159478e-13,0.4497090596670155,1.2483118193861519e-08,sha256:f8addf9b50d6ea512435da5d916a903a56e0027567b9373b93c35185109753d9,,,,,,,,,,
M5_fitted_R4,vle_obs_0230,Jou1995,0.3,393.15,120.0,0.444,400000.0,222000.0,986377.5238179363,0.647690193158674,,0.0432411559716259,,,,-3.1748948690556063,32032.62180599853,-987556.1401891113,-5435.370627375245,7.498546416837179,training,active_training,vle|Jou1995|w=0.3|T=120,calibration_derived_partial_pressure,LOCAL_EQUILIBRIUM,7.105427357601002e-14,1.5631940186722204e-13,8.364440873265267e-13,0.4497055820162025,1.5727576399873475e-08,sha256:f8addf9b50d6ea512435da5d916a903a56e0027567b9373b93c35185109753d9,,,,,,,,,,
M5_fitted_R4,vle_obs_0231,Jou1995,0.3,393.15,120.0,0.473,600000.0,422000.0,1275096.2426877064,0.4802305150559366,,0.04424045511583832,,,,-3.1748948690556063,32032.62180599853,-987556.1401891113,-5435.370627375245,7.498546416837179,training,active_training,vle|Jou1995|w=0.3|T=120,calibration_derived_partial_pressure,LOCAL_EQUILIBRIUM,5.684341886080802e-14,1.5631940186722204e-13,1.0302755981683732e-13,0.44955023779219955,1.9938712121558415e-08,sha256:f8addf9b50d6ea512435da5d916a903a56e0027567b9373b93c35185109753d9,,,,,,,,,,
M5_fitted_R4,vle_obs_0232,Jou1995,0.3,393.15,120.0,0.536,1000000.0,822000.0,3083324.445489036,0.5741474086045206,,0.043607192165615996,,,,-3.1748948690556063,32032.62180599853,-987556.1401891113,-5435.370627375245,7.498546416837179,training,active_training,vle|Jou1995|w=0.3|T=120,calibration_derived_partial_pressure,LOCAL_EQUILIBRIUM,2.842170943040401e-14,1.5631940186722204e-13,1.9813887774944305e-13,0.44851772882114477,3.491543051264409e-08,sha256:f8addf9b50d6ea512435da5d916a903a56e0027567b9373b93c35185109753d9,,,,,,,,,,
M5_fitted_R4,vle_obs_0265,Xu2011,0.3,373.15,100.0,0.388,125000.0,34000.0,189434.77620258604,0.745980792189384,,0.04155006682186756,,,,-3.993675940880621,32032.62180599853,-987556.1401891113,-5435.370627375245,7.498546416837179,validation,reserved_validation,vle|Xu2011|w=0.3|T=100.0,total_pressure_derived,LOCAL_EQUILIBRIUM,5.684341886080802e-14,8.526512829121202e-14,7.659313268959523e-12,0.45723412218000353,4.891762630928906e-09,sha256:f8addf9b50d6ea512435da5d916a903a56e0027567b9373b93c35185109753d9,,,,,,,,,,
M5_fitted_R4,vle_obs_0266,Xu2011,0.3,373.15,100.0,0.424,191000.0,101000.0,293856.81727080874,0.4638143967101793,,0.044667202864615896,,,,-3.993675940880621,32032.62180599853,-987556.1401891113,-5435.370627375245,7.498546416837179,validation,reserved_validation,vle|Xu2011|w=0.3|T=100.0,total_pressure_derived,LOCAL_EQUILIBRIUM,3.2227189280652104e-14,3.126388037344441e-13,2.0266018066730798e-13,0.45747298649930274,6.35484432746988e-09,sha256:f8addf9b50d6ea512435da5d916a903a56e0027567b9373b93c35185109753d9,,,,,,,,,,
M5_fitted_R4,vle_obs_0267,Xu2011,0.3,373.15,100.0,0.425,176000.0,86000.0,327123.2487079142,0.5802129593649353,,0.04474518930451249,,,,-3.993675940880621,32032.62180599853,-987556.1401891113,-5435.370627375245,7.498546416837179,validation,reserved_validation,vle|Xu2011|w=0.3|T=100.0,total_pressure_derived,LOCAL_EQUILIBRIUM,8.526512829121202e-14,2.5579538487363607e-13,2.052646860564974e-12,0.4574762379945669,6.4082167310295124e-09,sha256:f8addf9b50d6ea512435da5d916a903a56e0027567b9373b93c35185109753d9,,,,,,,,,,
M5_fitted_R4,vle_obs_0268,Xu2011,0.3,373.15,100.0,0.501,258000.0,167000.0,2085944.3971823887,1.0965862565677094,,0.04801786164114126,,,,-3.993675940880621,32032.62180599853,-987556.1401891113,-5435.370627375245,7.498546416837179,validation,reserved_validation,vle|Xu2011|w=0.3|T=100.0,total_pressure_derived,LOCAL_EQUILIBRIUM,4.2969585707536134e-14,1.4210854715202004e-13,6.318238542176956e-13,0.4572300769324585,1.4911488768388278e-08,sha256:f8addf9b50d6ea512435da5d916a903a56e0027567b9373b93c35185109753d9,,,,,,,,,,
M5_fitted_R4,vle_obs_0269,Xu2011,0.3,373.15,100.0,0.52,324000.0,233000.0,2944855.3050537743,1.1017080396385273,,0.047653426880108554,,,,-3.993675940880621,32032.62180599853,-987556.1401891113,-5435.370627375245,7.498546416837179,validation,reserved_validation,vle|Xu2011|w=0.3|T=100.0,total_pressure_derived,LOCAL_EQUILIBRIUM,7.105427357601002e-14,2.1316282072803006e-13,1.848632193825863e-13,0.4568987225909114,1.9077374845247256e-08,sha256:f8addf9b50d6ea512435da5d916a903a56e0027567b9373b93c35185109753d9,,,,,,,,,,
M5_fitted_R4,vle_obs_0270,Xu2011,0.3,373.15,100.0,0.315,146000.0,16000.0,36898.20929001666,0.3628853072338849,,0.0342961127192976,,,,-3.993675940880621,32032.62180599853,-987556.1401891113,-5435.370627375245,7.498546416837179,validation,reserved_validation,vle|Xu2011|nominal_T=100,total_pressure_derived,LOCAL_EQUILIBRIUM,5.684341886080802e-14,1.4210854715202004e-13,2.2547494951788695e-12,0.45656962343826146,3.3896300254918354e-09,sha256:f8addf9b50d6ea512435da5d916a903a56e0027567b9373b93c35185109753d9,,,,,,,,,,
M5_fitted_R4,vle_obs_0271,Xu2011,0.3,373.15,100.0,0.475,189000.0,95000.0,1266292.8340073882,1.124810543905483,,0.047662995897124825,,,,-3.993675940880621,32032.62180599853,-987556.1401891113,-5435.370627375245,7.498546416837179,validation,reserved_validation,vle|Xu2011|nominal_T=100,total_pressure_derived,LOCAL_EQUILIBRIUM,5.684341886080802e-14,1.7763568394002505e-13,4.902686529531681e-12,0.45748586401613395,1.0717491399309942e-08,sha256:f8addf9b50d6ea512435da5d916a903a56e0027567b9373b93c35185109753d9,,,,,,,,,,
M5_fitted_R4,vle_obs_0272,Xu2011,0.3,373.15,100.0,0.315,143000.0,12000.0,37670.899809184295,0.4968247478614125,,0.0342960947008869,,,,-3.993675940880621,32032.62180599853,-987556.1401891113,-5435.370627375245,7.498546416837179,validation,reserved_validation,vle|Xu2011|nominal_T=100,total_pressure_derived,LOCAL_EQUILIBRIUM,1.2789769243681803e-13,1.4210854715202004e-13,5.613375858931274e-12,0.4565693474505685,3.3896302167945512e-09,sha256:f8addf9b50d6ea512435da5d916a903a56e0027567b9373b93c35185109753d9,,,,,,,,,,
M5_fitted_R4,vle_obs_0279,Xu2011,0.3,393.15,120.0,0.37,241000.0,63000.0,347947.9642068757,0.7421737503907969,,0.038179592147729834,,,,-3.1748948690556063,32032.62180599853,-987556.1401891113,-5435.370627375245,7.498546416837179,validation,reserved_validation,vle|Xu2011|w=0.3|T=120.0,total_pressure_derived,LOCAL_EQUILIBRIUM,4.263256414560601e-14,2.2737367544323206e-13,3.372904500649678e-13,0.44953652173265507,9.791595616670435e-09,sha256:f8addf9b50d6ea512435da5d916a903a56e0027567b9373b93c35185109753d9,,,,,,,,,,
M5_fitted_R4,vle_obs_0280,Xu2011,0.3,393.15,120.0,0.385,287000.0,108000.0,392954.5215334144,0.5609185348630825,,0.03940735076231889,,,,-3.1748948690556063,32032.62180599853,-987556.1401891113,-5435.370627375245,7.498546416837179,validation,reserved_validation,vle|Xu2011|w=0.3|T=120.0,total_pressure_derived,LOCAL_EQUILIBRIUM,5.684341886080802e-14,1.7763568394002505e-13,1.581950366289358e-14,0.44961918794586814,1.0625866779105743e-08,sha256:f8addf9b50d6ea512435da5d916a903a56e0027567b9373b93c35185109753d9,,,,,,,,,,
M5_fitted_R4,vle_obs_0281,Xu2011,0.3,393.15,120.0,0.387,241000.0,62000.0,486660.1722650007,0.8948341160152342,,0.03956345759096717,,,,-3.1748948690556063,32032.62180599853,-987556.1401891113,-5435.370627375245,7.498546416837179,validation,reserved_validation,vle|Xu2011|w=0.3|T=120.0,total_pressure_derived,LOCAL_EQUILIBRIUM,4.263256414560601e-14,1.1368683772161603e-13,1.399640643126737e-13,0.44962345857031366,1.0746607234725546e-08,sha256:f8addf9b50d6ea512435da5d916a903a56e0027567b9373b93c35185109753d9,,,,,,,,,,
M5_fitted_R4,vle_obs_0282,Xu2011,0.3,393.15,120.0,0.422,415000.0,237000.0,586829.6047592297,0.39376366928256645,,0.04204397396434682,,,,-3.1748948690556063,32032.62180599853,-987556.1401891113,-5435.370627375245,7.498546416837179,validation,reserved_validation,vle|Xu2011|w=0.3|T=120.0,total_pressure_derived,LOCAL_EQUILIBRIUM,2.842170943040401e-14,1.0658141036401503e-13,3.5920438457684346e-13,0.4497336977803513,1.3397222730344966e-08,sha256:f8addf9b50d6ea512435da5d916a903a56e0027567b9373b93c35185109753d9,,,,,,,,,,
M5_fitted_R4,vle_obs_0283,Xu2011,0.3,393.15,120.0,0.423,370000.0,192000.0,671960.1951711092,0.5440423188598815,,0.04210412744382146,,,,-3.1748948690556063,32032.62180599853,-987556.1401891113,-5435.370627375245,7.498546416837179,validation,reserved_validation,vle|Xu2011|w=0.3|T=120.0,total_pressure_derived,LOCAL_EQUILIBRIUM,2.1484792853768067e-14,3.410605131648481e-13,1.68330262641649e-14,0.4497295630950377,1.3488863176547848e-08,sha256:f8addf9b50d6ea512435da5d916a903a56e0027567b9373b93c35185109753d9,,,,,,,,,,
M5_fitted_R4,vle_obs_0284,Xu2011,0.3,393.15,120.0,0.492,565000.0,387000.0,2085379.24238355,0.7314740812919797,,0.044461192911596094,,,,-3.1748948690556063,32032.62180599853,-987556.1401891113,-5435.370627375245,7.498546416837179,validation,reserved_validation,vle|Xu2011|w=0.3|T=120.0,total_pressure_derived,LOCAL_EQUILIBRIUM,1.1603114287023088e-13,2.4158453015843406e-13,9.94166243920284e-13,0.44932663071289636,2.3541272416723004e-08,sha256:f8addf9b50d6ea512435da5d916a903a56e0027567b9373b93c35185109753d9,,,,,,,,,,
M5_fitted_R4,vle_obs_0285,Xu2011,0.3,393.15,120.0,0.508,691000.0,512000.0,2445966.9809068665,0.6791806290479291,,0.04436684267611157,,,,-3.1748948690556063,32032.62180599853,-987556.1401891113,-5435.370627375245,7.498546416837179,validation,reserved_validation,vle|Xu2011|w=0.3|T=120.0,total_pressure_derived,LOCAL_EQUILIBRIUM,3.4809342861069267e-14,3.481659405224491e-13,8.154126738673871e-14,0.4490838622104517,2.7186260731351907e-08,sha256:f8addf9b50d6ea512435da5d916a903a56e0027567b9373b93c35185109753d9,,,,,,,,,,
M5_fitted_R4,vle_obs_0286,Xu2011,0.3,393.15,120.0,0.314,189000.0,50000.0,156134.38676807657,0.49452855752837177,,0.0330988259263367,,,,-3.1748948690556063,32032.62180599853,-987556.1401891113,-5435.370627375245,7.498546416837179,validation,reserved_validation,vle|Xu2011|nominal_T=120,total_pressure_derived,LOCAL_EQUILIBRIUM,9.282491429618471e-14,1.9895196601282805e-13,2.6178048558966824e-15,0.4491285069271544,7.550126962377497e-09,sha256:f8addf9b50d6ea512435da5d916a903a56e0027567b9373b93c35185109753d9,,,,,,,,,,
M5_fitted_R4,vle_obs_0287,Xu2011,0.3,393.15,120.0,0.467,467000.0,283000.0,1423701.7733044834,0.7016325904531356,,0.04409387219426344,,,,-3.1748948690556063,32032.62180599853,-987556.1401891113,-5435.370627375245,7.498546416837179,validation,reserved_validation,vle|Xu2011|nominal_T=120,total_pressure_derived,LOCAL_EQUILIBRIUM,1.4210854715202004e-13,2.2737367544323206e-13,1.6153560716028641e-13,0.4495882124652613,1.8936707676966508e-08,sha256:f8addf9b50d6ea512435da5d916a903a56e0027567b9373b93c35185109753d9,,,,,,,,,,
M5_fitted_R4,vle_obs_0288,Xu2011,0.3,393.15,120.0,0.314,184000.0,45000.0,160365.5509873765,0.5518985669876157,,0.033098723589794474,,,,-3.1748948690556063,32032.62180599853,-987556.1401891113,-5435.370627375245,7.498546416837179,validation,reserved_validation,vle|Xu2011|nominal_T=120,total_pressure_derived,LOCAL_EQUILIBRIUM,2.842170943040401e-14,1.4921397450962104e-13,7.873851522479368e-13,0.4491279987401553,7.550108414231958e-09,sha256:f8addf9b50d6ea512435da5d916a903a56e0027567b9373b93c35185109753d9,,,,,,,,,,
