{
  "epcsaft_module_file": "__init__.py",
  "epcsaft_version": "1.5.2",
  "lane": "pinned_epcsaft_1_5_2",
  "mea_weight_fraction": 0.3,
  "pressure_Pa": 101325.0,
  "states": [
    {
      "accepted": true,
      "activity_coefficients": {
        "CO2": 1.1107851314959654,
        "CO3^2-": 0.196239521936536,
        "H2O": 0.9770733104969443,
        "H3O+": 1.3388693333549666,
        "HCO3-": 0.7172214123649475,
        "MEA": 1.2391288546112302,
        "MEACOO-": 1.062991104335984,
        "MEAH+": 0.8001987935253038,
        "OH-": 0.7900869564059636
      },
      "charge_residual": -5.526779495550736e-12,
      "elapsed_seconds": 0.055047728994395584,
      "loading": 0.2,
      "mass_balance_residuals": {
        "carbon_total": 9.348355423099974e-12,
        "mea_total": 3.2883681888584704e-11,
        "water_total": 2.6317870105430075e-10
      },
      "message": "converged",
      "mole_fractions": {
        "CO2": 3.543453706752538e-09,
        "CO3^2-": 0.0002869491412495932,
        "H2O": 0.8873978077252741,
        "H3O+": 4.96165203046887e-13,
        "HCO3-": 5.564227694849169e-05,
        "MEA": 0.06738992210123854,
        "MEACOO-": 0.022106638797367188,
        "MEAH+": 0.022749607882319965,
        "OH-": 1.3428531652117017e-05
      },
      "reaction_residuals": {
        "R1_water_autoionization": -5.326382890302739e-09,
        "R2_CO2_to_HCO3": 1.0952682316656137e-08,
        "R3_HCO3_to_CO3": -2.5879835163777898e-08,
        "R4_MEACOO_hydrolysis": 2.0460486638285147e-09,
        "R5_MEAH_dissociation": 1.682589356732933e-08
      },
      "rejection_reason": "",
      "seed_log_activity_coefficients": {
        "CO2": 0.10396954082891152,
        "CO3^2-": -1.6318104646921938,
        "H2O": -0.023005119908852113,
        "H3O+": 0.29321535232179485,
        "HCO3-": -0.3349129980993269,
        "MEA": 0.21272594360887612,
        "MEACOO-": 0.05630507500035281,
        "MEAH+": -0.22363684293986794,
        "OH-": -0.23768963151130149
      },
      "seed_log_fugacity_coefficients": {
        "CO2": 7.803398868811595,
        "CO3^2-": -685.6644277025711,
        "H2O": -2.658620170019709,
        "H3O+": -414.1782315015195,
        "HCO3-": -159.86660740066958,
        "MEA": -6.413165552388715,
        "MEACOO-": -145.07185945026956,
        "MEAH+": -139.4604500263093,
        "OH-": -167.27857407384926
      },
      "seed_mole_fractions": {
        "CO2": 4.699181664671944e-08,
        "CO3^2-": 0.00029181393231284865,
        "H2O": 0.88714250887786,
        "H3O+": 1.048252860268313e-12,
        "HCO3-": 0.00031895279798866734,
        "MEA": 0.06765579116764613,
        "MEACOO-": 0.021837114000875544,
        "MEAH+": 0.022746733446446805,
        "OH-": 7.038784005158511e-06
      },
      "seed_reference_log_fugacity": {
        "CO2": 7.699429327982683,
        "CO3^2-": -684.0326172378789,
        "H2O": -2.635615050110857,
        "H3O+": -414.4714468538413,
        "HCO3-": -159.53169440257025,
        "MEA": -6.625891495997592,
        "MEACOO-": -145.1281645252699,
        "MEAH+": -139.23681318336943,
        "OH-": -167.04088444233795
      },
      "solver_returned_success": true,
      "state_failure_count": 0
    },
    {
      "accepted": true,
      "activity_coefficients": {
        "CO2": 1.1203010123397665,
        "CO3^2-": 0.28309552575189295,
        "H2O": 0.9514296660127337,
        "H3O+": 2.245919533635257,
        "HCO3-": 0.7899565117781356,
        "MEA": 1.4638281049966388,
        "MEACOO-": 1.9303342033896913,
        "MEAH+": 1.0145777532082296,
        "OH-": 1.0938897463036796
      },
      "charge_residual": -5.5699185153068235e-12,
      "elapsed_seconds": 0.04375129000254674,
      "loading": 0.4,
      "mass_balance_residuals": {
        "carbon_total": 2.8700916643309426e-11,
        "mea_total": 6.422921916549029e-11,
        "water_total": 5.11392705959679e-10
      },
      "message": "converged",
      "mole_fractions": {
        "CO2": 1.993285815374725e-07,
        "CO3^2-": 0.00027901786412606004,
        "H2O": 0.8870285002190178,
        "H3O+": 1.8063853551566418e-12,
        "HCO3-": 0.00044463116009929837,
        "MEA": 0.02289275455793335,
        "MEACOO-": 0.04417461037223818,
        "MEAH+": 0.045178781874580305,
        "OH-": 1.5046216170931958e-06
      },
      "reaction_residuals": {
        "R1_water_autoionization": 8.949802676738727e-09,
        "R2_CO2_to_HCO3": 8.378611582315898e-08,
        "R3_HCO3_to_CO3": -6.640785699119078e-09,
        "R4_MEACOO_hydrolysis": -2.6830893062879113e-09,
        "R5_MEAH_dissociation": 2.1058522037264993e-08
      },
      "rejection_reason": "",
      "seed_log_activity_coefficients": {
        "CO2": 0.10816018218800318,
        "CO3^2-": -1.2776391124675683,
        "H2O": -0.04870734593115594,
        "H3O+": 0.8211170027232698,
        "HCO3-": -0.2489124004315499,
        "MEA": 0.371241920281804,
        "MEACOO-": 0.6303353780564579,
        "MEAH+": 0.010121372430660363,
        "OH-": 0.0759734948076414
      },
      "seed_log_fugacity_coefficients": {
        "CO2": 8.127428695075526,
        "CO3^2-": -685.6690197755012,
        "H2O": -2.680820713025555,
        "H3O+": -412.9825152815673,
        "HCO3-": -159.51024083396035,
        "MEA": -6.325228889370852,
        "MEACOO-": -144.63146632387617,
        "MEAH+": -139.13724721095582,
        "OH-": -167.41172885963977
      },
      "seed_mole_fractions": {
        "CO2": 1.432241218837685e-06,
        "CO3^2-": 0.0002878697651262969,
        "H2O": 0.8857224360925198,
        "H3O+": 5.812652925262092e-12,
        "HCO3-": 0.001747513447705003,
        "MEA": 0.024197009250420804,
        "MEACOO-": 0.0428589777999775,
        "MEAH+": 0.04518349608467076,
        "OH-": 1.2653125483345687e-06
      },
      "seed_reference_log_fugacity": {
        "CO2": 8.019268512887523,
        "CO3^2-": -684.3913806630336,
        "H2O": -2.632113367094399,
        "H3O+": -413.8036322842906,
        "HCO3-": -159.2613284335288,
        "MEA": -6.696470809652656,
        "MEACOO-": -145.26180170193263,
        "MEAH+": -139.14736858338648,
        "OH-": -167.4877023544474
      },
      "solver_returned_success": true,
      "state_failure_count": 0
    },
    {
      "accepted": true,
      "activity_coefficients": {
        "CO2": 0.9288813910898864,
        "CO3^2-": 0.33547590714376047,
        "H2O": 0.9337412094464385,
        "H3O+": 3.802285888360462,
        "HCO3-": 0.6921546979394022,
        "MEA": 1.370607685267298,
        "MEACOO-": 2.42151123230415,
        "MEAH+": 1.2249663355926763,
        "OH-": 1.3492895291043323
      },
      "charge_residual": -1.8785586581455773e-11,
      "elapsed_seconds": 0.04196459800004959,
      "loading": 0.6,
      "mass_balance_residuals": {
        "carbon_total": 2.663040760131352e-10,
        "mea_total": 3.868744491430931e-10,
        "water_total": 3.011038529621146e-09
      },
      "message": "converged",
      "mole_fractions": {
        "CO2": 0.0006788525789758041,
        "CO3^2-": 0.00016028814204925685,
        "H2O": 0.8652220761583937,
        "H3O+": 6.43630261161504e-11,
        "HCO3-": 0.021768793941789905,
        "MEA": 0.000692486463544257,
        "MEACOO-": 0.04469404772369945,
        "MEAH+": 0.06678343639618606,
        "OH-": 1.8530998355083022e-08
      },
      "reaction_residuals": {
        "R1_water_autoionization": 8.888466496159708e-08,
        "R2_CO2_to_HCO3": -3.943871007550115e-08,
        "R3_HCO3_to_CO3": 5.23464507296012e-08,
        "R4_MEACOO_hydrolysis": -4.7468304842368525e-08,
        "R5_MEAH_dissociation": 7.95112597984371e-08
      },
      "rejection_reason": "",
      "seed_log_activity_coefficients": {
        "CO2": -0.08252697115507072,
        "CO3^2-": -1.1066908268580846,
        "H2O": -0.06726645230187032,
        "H3O+": 1.3573253361532238,
        "HCO3-": -0.3843749042444244,
        "MEA": 0.30307416268954057,